attn_heads,attn_layers,lin_dims,output_dim,latent_dim,kaiming_constant,dprob,tr_batch_size,val_batch_size,test_batch_size,optimizer,optimizer__global__weight_decay,optimizer__global__lr,prot,weave,gconv,ecfp8,gnn,score
2,1,"[1033, 1481, 1800]",1,512,5,0.19212446322104615,256,128,128,adamax,0.0003829484492778129,0.000692669527060444,"{'model_types': ['psc', 'pcnn2d'], 'vocab_size': 9048, 'window': 11, 'pcnn_num_layers': 4, 'embedding_dim': 33, 'psc_dim': 8421, 'rnn_hidden_state_dim': 27}",{'update_pairs': False},{'dim': 210},{'dim': 1024},"{'fingerprint_size': 2238, 'num_layers': 2, 'dim': 422}",0.2846127581372616
2,1,"[1033, 1481, 1800]",1,512,5,0.19212446322104615,256,128,128,adamax,0.0003829484492778129,0.000692669527060444,"{'model_types': ['psc', 'pcnn2d'], 'vocab_size': 9048, 'window': 11, 'pcnn_num_layers': 4, 'embedding_dim': 33, 'psc_dim': 8421, 'rnn_hidden_state_dim': 27}",{'update_pairs': False},{'dim': 210},{'dim': 1024},"{'fingerprint_size': 2238, 'num_layers': 2, 'dim': 422}",0.26872565529160414
2,1,"[1033, 1481, 1800]",1,512,5,0.19212446322104615,256,128,128,adamax,0.0003829484492778129,0.000692669527060444,"{'model_types': ['psc', 'pcnn2d'], 'vocab_size': 9048, 'window': 11, 'pcnn_num_layers': 4, 'embedding_dim': 33, 'psc_dim': 8421, 'rnn_hidden_state_dim': 27}",{'update_pairs': False},{'dim': 210},{'dim': 1024},"{'fingerprint_size': 2238, 'num_layers': 2, 'dim': 422}",0.2639647380053965
2,1,"[1033, 1481, 1800]",1,512,5,0.19212446322104615,256,128,128,adamax,0.0003829484492778129,0.000692669527060444,"{'model_types': ['psc', 'pcnn2d'], 'vocab_size': 9048, 'window': 11, 'pcnn_num_layers': 4, 'embedding_dim': 33, 'psc_dim': 8421, 'rnn_hidden_state_dim': 27}",{'update_pairs': False},{'dim': 210},{'dim': 1024},"{'fingerprint_size': 2238, 'num_layers': 2, 'dim': 422}",0.25485391083057635
2,1,"[1033, 1481, 1800]",1,512,5,0.19212446322104615,256,128,128,adamax,0.0003829484492778129,0.000692669527060444,"{'model_types': ['psc', 'pcnn2d'], 'vocab_size': 9048, 'window': 11, 'pcnn_num_layers': 4, 'embedding_dim': 33, 'psc_dim': 8421, 'rnn_hidden_state_dim': 27}",{'update_pairs': False},{'dim': 210},{'dim': 1024},"{'fingerprint_size': 2238, 'num_layers': 2, 'dim': 422}",0.23376839728430945
1,1,[178],1,512,5,0.4988328213377454,128,128,128,adagrad,0.0022204581601105895,0.0030605219161407952,"{'model_types': ['psc', 'pcnn2d'], 'vocab_size': 9048, 'window': 11, 'pcnn_num_layers': 2, 'embedding_dim': 21, 'psc_dim': 8421, 'rnn_hidden_state_dim': 16}",{'update_pairs': False},{'dim': 330},{'dim': 1024},"{'fingerprint_size': 2238, 'num_layers': 4, 'dim': 153}",0.07167011514025544
2,2,"[1992, 241]",1,256,5,0.3162853068004974,128,128,128,adamax,0.0004087995446724508,0.0026641572671298485,"{'model_types': ['psc', 'pcnn2d'], 'vocab_size': 9048, 'window': 11, 'pcnn_num_layers': 1, 'embedding_dim': 36, 'psc_dim': 8421, 'rnn_hidden_state_dim': 36}",{'update_pairs': False},{'dim': 501},{'dim': 1024},"{'fingerprint_size': 2238, 'num_layers': 2, 'dim': 193}",0.027646579408911312
1,1,[178],1,512,5,0.4988328213377454,128,128,128,adagrad,0.0022204581601105895,0.0030605219161407952,"{'model_types': ['psc', 'pcnn2d'], 'vocab_size': 9048, 'window': 11, 'pcnn_num_layers': 2, 'embedding_dim': 21, 'psc_dim': 8421, 'rnn_hidden_state_dim': 16}",{'update_pairs': False},{'dim': 330},{'dim': 1024},"{'fingerprint_size': 2238, 'num_layers': 4, 'dim': 153}",0.023015542609563018
8,1,"[1689, 1776]",1,256,5,0.22861355974758146,128,128,128,adagrad,0.006306117317221979,0.000612974508988688,"{'model_types': ['psc', 'pcnn2d'], 'vocab_size': 9048, 'window': 11, 'pcnn_num_layers': 3, 'embedding_dim': 33, 'psc_dim': 8421, 'rnn_hidden_state_dim': 35}",{'update_pairs': False},{'dim': 72},{'dim': 1024},"{'fingerprint_size': 2238, 'num_layers': 2, 'dim': 149}",0.010899666430147163
8,1,"[991, 177]",1,512,5,0.32586594058722185,128,128,128,adadelta,0.00023998559272070004,0.011127527154406873,"{'model_types': ['psc', 'pcnn2d'], 'vocab_size': 9048, 'window': 11, 'pcnn_num_layers': 1, 'embedding_dim': 6, 'psc_dim': 8421, 'rnn_hidden_state_dim': 29}",{'update_pairs': False},{'dim': 250},{'dim': 1024},"{'fingerprint_size': 2238, 'num_layers': 3, 'dim': 307}",0.00905207531653664
2,3,"[1756, 334, 1395]",1,256,5,0.1619884824536622,128,128,128,adadelta,0.0007206883168910365,0.8049648553619331,"{'model_types': ['psc', 'pcnn2d'], 'vocab_size': 9048, 'window': 11, 'pcnn_num_layers': 4, 'embedding_dim': 32, 'psc_dim': 8421, 'rnn_hidden_state_dim': 39}",{'update_pairs': False},{'dim': 185},{'dim': 1024},"{'fingerprint_size': 2238, 'num_layers': 3, 'dim': 397}",0.006770555393361728
2,2,"[1992, 241]",1,256,5,0.3162853068004974,128,128,128,adamax,0.0004087995446724508,0.0026641572671298485,"{'model_types': ['psc', 'pcnn2d'], 'vocab_size': 9048, 'window': 11, 'pcnn_num_layers': 1, 'embedding_dim': 36, 'psc_dim': 8421, 'rnn_hidden_state_dim': 36}",{'update_pairs': False},{'dim': 501},{'dim': 1024},"{'fingerprint_size': 2238, 'num_layers': 2, 'dim': 193}",0.0025295567237177416
8,1,"[1689, 1776]",1,256,5,0.22861355974758146,128,128,128,adagrad,0.006306117317221979,0.000612974508988688,"{'model_types': ['psc', 'pcnn2d'], 'vocab_size': 9048, 'window': 11, 'pcnn_num_layers': 3, 'embedding_dim': 33, 'psc_dim': 8421, 'rnn_hidden_state_dim': 35}",{'update_pairs': False},{'dim': 72},{'dim': 1024},"{'fingerprint_size': 2238, 'num_layers': 2, 'dim': 149}",-0.0019744328107453722
8,1,"[991, 177]",1,512,5,0.32586594058722185,128,128,128,adadelta,0.00023998559272070004,0.011127527154406873,"{'model_types': ['psc', 'pcnn2d'], 'vocab_size': 9048, 'window': 11, 'pcnn_num_layers': 1, 'embedding_dim': 6, 'psc_dim': 8421, 'rnn_hidden_state_dim': 29}",{'update_pairs': False},{'dim': 250},{'dim': 1024},"{'fingerprint_size': 2238, 'num_layers': 3, 'dim': 307}",-0.0056601733540240385
2,3,"[968, 139]",1,256,5,0.110536718604638,128,128,128,adam,0.00013483866543835763,0.00043399475240977825,"{'model_types': ['psc', 'pcnn2d'], 'vocab_size': 9048, 'window': 11, 'pcnn_num_layers': 4, 'embedding_dim': 17, 'psc_dim': 8421, 'rnn_hidden_state_dim': 41}",{'update_pairs': False},{'dim': 314},{'dim': 1024},"{'fingerprint_size': 2238, 'num_layers': 3, 'dim': 405}",-0.007098738250021848
8,1,"[1689, 1776]",1,256,5,0.22861355974758146,128,128,128,adagrad,0.006306117317221979,0.000612974508988688,"{'model_types': ['psc', 'pcnn2d'], 'vocab_size': 9048, 'window': 11, 'pcnn_num_layers': 3, 'embedding_dim': 33, 'psc_dim': 8421, 'rnn_hidden_state_dim': 35}",{'update_pairs': False},{'dim': 72},{'dim': 1024},"{'fingerprint_size': 2238, 'num_layers': 2, 'dim': 149}",-0.01158917527289622
8,1,"[1689, 1776]",1,256,5,0.22861355974758146,128,128,128,adagrad,0.006306117317221979,0.000612974508988688,"{'model_types': ['psc', 'pcnn2d'], 'vocab_size': 9048, 'window': 11, 'pcnn_num_layers': 3, 'embedding_dim': 33, 'psc_dim': 8421, 'rnn_hidden_state_dim': 35}",{'update_pairs': False},{'dim': 72},{'dim': 1024},"{'fingerprint_size': 2238, 'num_layers': 2, 'dim': 149}",-0.01240545168364396
2,3,"[1756, 334, 1395]",1,256,5,0.1619884824536622,128,128,128,adadelta,0.0007206883168910365,0.8049648553619331,"{'model_types': ['psc', 'pcnn2d'], 'vocab_size': 9048, 'window': 11, 'pcnn_num_layers': 4, 'embedding_dim': 32, 'psc_dim': 8421, 'rnn_hidden_state_dim': 39}",{'update_pairs': False},{'dim': 185},{'dim': 1024},"{'fingerprint_size': 2238, 'num_layers': 3, 'dim': 397}",-0.01650770630271765
2,3,"[968, 139]",1,256,5,0.110536718604638,128,128,128,adam,0.00013483866543835763,0.00043399475240977825,"{'model_types': ['psc', 'pcnn2d'], 'vocab_size': 9048, 'window': 11, 'pcnn_num_layers': 4, 'embedding_dim': 17, 'psc_dim': 8421, 'rnn_hidden_state_dim': 41}",{'update_pairs': False},{'dim': 314},{'dim': 1024},"{'fingerprint_size': 2238, 'num_layers': 3, 'dim': 405}",-0.01951770581794608
8,1,"[1689, 1776]",1,256,5,0.22861355974758146,128,128,128,adagrad,0.006306117317221979,0.000612974508988688,"{'model_types': ['psc', 'pcnn2d'], 'vocab_size': 9048, 'window': 11, 'pcnn_num_layers': 3, 'embedding_dim': 33, 'psc_dim': 8421, 'rnn_hidden_state_dim': 35}",{'update_pairs': False},{'dim': 72},{'dim': 1024},"{'fingerprint_size': 2238, 'num_layers': 2, 'dim': 149}",-0.020190424410011135
1,1,[178],1,512,5,0.4988328213377454,128,128,128,adagrad,0.0022204581601105895,0.0030605219161407952,"{'model_types': ['psc', 'pcnn2d'], 'vocab_size': 9048, 'window': 11, 'pcnn_num_layers': 2, 'embedding_dim': 21, 'psc_dim': 8421, 'rnn_hidden_state_dim': 16}",{'update_pairs': False},{'dim': 330},{'dim': 1024},"{'fingerprint_size': 2238, 'num_layers': 4, 'dim': 153}",-0.028998126441174436
1,1,[178],1,512,5,0.4988328213377454,128,128,128,adagrad,0.0022204581601105895,0.0030605219161407952,"{'model_types': ['psc', 'pcnn2d'], 'vocab_size': 9048, 'window': 11, 'pcnn_num_layers': 2, 'embedding_dim': 21, 'psc_dim': 8421, 'rnn_hidden_state_dim': 16}",{'update_pairs': False},{'dim': 330},{'dim': 1024},"{'fingerprint_size': 2238, 'num_layers': 4, 'dim': 153}",-0.03029273830865656
8,1,"[991, 177]",1,512,5,0.32586594058722185,128,128,128,adadelta,0.00023998559272070004,0.011127527154406873,"{'model_types': ['psc', 'pcnn2d'], 'vocab_size': 9048, 'window': 11, 'pcnn_num_layers': 1, 'embedding_dim': 6, 'psc_dim': 8421, 'rnn_hidden_state_dim': 29}",{'update_pairs': False},{'dim': 250},{'dim': 1024},"{'fingerprint_size': 2238, 'num_layers': 3, 'dim': 307}",-0.03780353832373791
2,3,"[968, 139]",1,256,5,0.110536718604638,128,128,128,adam,0.00013483866543835763,0.00043399475240977825,"{'model_types': ['psc', 'pcnn2d'], 'vocab_size': 9048, 'window': 11, 'pcnn_num_layers': 4, 'embedding_dim': 17, 'psc_dim': 8421, 'rnn_hidden_state_dim': 41}",{'update_pairs': False},{'dim': 314},{'dim': 1024},"{'fingerprint_size': 2238, 'num_layers': 3, 'dim': 405}",-0.04221794897940557
1,1,[178],1,512,5,0.4988328213377454,128,128,128,adagrad,0.0022204581601105895,0.0030605219161407952,"{'model_types': ['psc', 'pcnn2d'], 'vocab_size': 9048, 'window': 11, 'pcnn_num_layers': 2, 'embedding_dim': 21, 'psc_dim': 8421, 'rnn_hidden_state_dim': 16}",{'update_pairs': False},{'dim': 330},{'dim': 1024},"{'fingerprint_size': 2238, 'num_layers': 4, 'dim': 153}",-0.049532532832515866
8,1,"[991, 177]",1,512,5,0.32586594058722185,128,128,128,adadelta,0.00023998559272070004,0.011127527154406873,"{'model_types': ['psc', 'pcnn2d'], 'vocab_size': 9048, 'window': 11, 'pcnn_num_layers': 1, 'embedding_dim': 6, 'psc_dim': 8421, 'rnn_hidden_state_dim': 29}",{'update_pairs': False},{'dim': 250},{'dim': 1024},"{'fingerprint_size': 2238, 'num_layers': 3, 'dim': 307}",-0.0537575494119111
2,3,"[485, 1086]",1,256,5,0.47361754940321454,128,128,128,adadelta,0.00016346734933172613,0.4011465571366191,"{'model_types': ['psc', 'pcnn2d'], 'vocab_size': 9048, 'window': 11, 'pcnn_num_layers': 3, 'embedding_dim': 25, 'psc_dim': 8421, 'rnn_hidden_state_dim': 12}",{'update_pairs': False},{'dim': 489},{'dim': 1024},"{'fingerprint_size': 2238, 'num_layers': 1, 'dim': 233}",-0.0681137534169228
2,3,"[485, 1086]",1,256,5,0.47361754940321454,128,128,128,adadelta,0.00016346734933172613,0.4011465571366191,"{'model_types': ['psc', 'pcnn2d'], 'vocab_size': 9048, 'window': 11, 'pcnn_num_layers': 3, 'embedding_dim': 25, 'psc_dim': 8421, 'rnn_hidden_state_dim': 12}",{'update_pairs': False},{'dim': 489},{'dim': 1024},"{'fingerprint_size': 2238, 'num_layers': 1, 'dim': 233}",-0.07685973355545819
2,1,[987],1,512,5,0.3596496299207619,256,128,128,adagrad,0.004116490838982238,0.021441375554078275,"{'model_types': ['psc', 'pcnn2d'], 'vocab_size': 9048, 'window': 11, 'pcnn_num_layers': 4, 'embedding_dim': 23, 'psc_dim': 8421, 'rnn_hidden_state_dim': 25}",{'update_pairs': False},{'dim': 386},{'dim': 1024},"{'fingerprint_size': 2238, 'num_layers': 2, 'dim': 488}",-0.07803560948430861
2,3,"[1756, 334, 1395]",1,256,5,0.1619884824536622,128,128,128,adadelta,0.0007206883168910365,0.8049648553619331,"{'model_types': ['psc', 'pcnn2d'], 'vocab_size': 9048, 'window': 11, 'pcnn_num_layers': 4, 'embedding_dim': 32, 'psc_dim': 8421, 'rnn_hidden_state_dim': 39}",{'update_pairs': False},{'dim': 185},{'dim': 1024},"{'fingerprint_size': 2238, 'num_layers': 3, 'dim': 397}",-0.08417719454351627
2,1,[987],1,512,5,0.3596496299207619,256,128,128,adagrad,0.004116490838982238,0.021441375554078275,"{'model_types': ['psc', 'pcnn2d'], 'vocab_size': 9048, 'window': 11, 'pcnn_num_layers': 4, 'embedding_dim': 23, 'psc_dim': 8421, 'rnn_hidden_state_dim': 25}",{'update_pairs': False},{'dim': 386},{'dim': 1024},"{'fingerprint_size': 2238, 'num_layers': 2, 'dim': 488}",-0.09392992535880937
8,1,"[991, 177]",1,512,5,0.32586594058722185,128,128,128,adadelta,0.00023998559272070004,0.011127527154406873,"{'model_types': ['psc', 'pcnn2d'], 'vocab_size': 9048, 'window': 11, 'pcnn_num_layers': 1, 'embedding_dim': 6, 'psc_dim': 8421, 'rnn_hidden_state_dim': 29}",{'update_pairs': False},{'dim': 250},{'dim': 1024},"{'fingerprint_size': 2238, 'num_layers': 3, 'dim': 307}",-0.0971515361568027
1,1,[1752],1,512,5,0.3924236498420166,256,128,128,adadelta,0.008161982277354067,0.005175682864730678,"{'model_types': ['psc', 'pcnn2d'], 'vocab_size': 9048, 'window': 11, 'pcnn_num_layers': 4, 'embedding_dim': 48, 'psc_dim': 8421, 'rnn_hidden_state_dim': 47}",{'update_pairs': False},{'dim': 473},{'dim': 1024},"{'fingerprint_size': 2238, 'num_layers': 2, 'dim': 140}",-0.10197475534745873
2,3,"[1756, 334, 1395]",1,256,5,0.1619884824536622,128,128,128,adadelta,0.0007206883168910365,0.8049648553619331,"{'model_types': ['psc', 'pcnn2d'], 'vocab_size': 9048, 'window': 11, 'pcnn_num_layers': 4, 'embedding_dim': 32, 'psc_dim': 8421, 'rnn_hidden_state_dim': 39}",{'update_pairs': False},{'dim': 185},{'dim': 1024},"{'fingerprint_size': 2238, 'num_layers': 3, 'dim': 397}",-0.10721681355353757
1,1,[1752],1,512,5,0.3924236498420166,256,128,128,adadelta,0.008161982277354067,0.005175682864730678,"{'model_types': ['psc', 'pcnn2d'], 'vocab_size': 9048, 'window': 11, 'pcnn_num_layers': 4, 'embedding_dim': 48, 'psc_dim': 8421, 'rnn_hidden_state_dim': 47}",{'update_pairs': False},{'dim': 473},{'dim': 1024},"{'fingerprint_size': 2238, 'num_layers': 2, 'dim': 140}",-0.11434293115424086
2,1,[987],1,512,5,0.3596496299207619,256,128,128,adagrad,0.004116490838982238,0.021441375554078275,"{'model_types': ['psc', 'pcnn2d'], 'vocab_size': 9048, 'window': 11, 'pcnn_num_layers': 4, 'embedding_dim': 23, 'psc_dim': 8421, 'rnn_hidden_state_dim': 25}",{'update_pairs': False},{'dim': 386},{'dim': 1024},"{'fingerprint_size': 2238, 'num_layers': 2, 'dim': 488}",-0.11585301050304052
2,1,[987],1,512,5,0.3596496299207619,256,128,128,adagrad,0.004116490838982238,0.021441375554078275,"{'model_types': ['psc', 'pcnn2d'], 'vocab_size': 9048, 'window': 11, 'pcnn_num_layers': 4, 'embedding_dim': 23, 'psc_dim': 8421, 'rnn_hidden_state_dim': 25}",{'update_pairs': False},{'dim': 386},{'dim': 1024},"{'fingerprint_size': 2238, 'num_layers': 2, 'dim': 488}",-0.12001488883440457
4,1,[441],1,256,5,0.19422471793880902,128,128,128,rmsprop,0.0015974103130456986,0.0019602339390464006,"{'model_types': ['psc', 'pcnn2d'], 'vocab_size': 9048, 'window': 11, 'pcnn_num_layers': 1, 'embedding_dim': 25, 'psc_dim': 8421, 'rnn_hidden_state_dim': 41}",{'update_pairs': False},{'dim': 421},{'dim': 1024},"{'fingerprint_size': 2238, 'num_layers': 3, 'dim': 467}",-0.1290343086021962
1,1,[1752],1,512,5,0.3924236498420166,256,128,128,adadelta,0.008161982277354067,0.005175682864730678,"{'model_types': ['psc', 'pcnn2d'], 'vocab_size': 9048, 'window': 11, 'pcnn_num_layers': 4, 'embedding_dim': 48, 'psc_dim': 8421, 'rnn_hidden_state_dim': 47}",{'update_pairs': False},{'dim': 473},{'dim': 1024},"{'fingerprint_size': 2238, 'num_layers': 2, 'dim': 140}",-0.14547310140311603
1,1,[1752],1,512,5,0.3924236498420166,256,128,128,adadelta,0.008161982277354067,0.005175682864730678,"{'model_types': ['psc', 'pcnn2d'], 'vocab_size': 9048, 'window': 11, 'pcnn_num_layers': 4, 'embedding_dim': 48, 'psc_dim': 8421, 'rnn_hidden_state_dim': 47}",{'update_pairs': False},{'dim': 473},{'dim': 1024},"{'fingerprint_size': 2238, 'num_layers': 2, 'dim': 140}",-0.14802050352127372
4,1,[441],1,256,5,0.19422471793880902,128,128,128,rmsprop,0.0015974103130456986,0.0019602339390464006,"{'model_types': ['psc', 'pcnn2d'], 'vocab_size': 9048, 'window': 11, 'pcnn_num_layers': 1, 'embedding_dim': 25, 'psc_dim': 8421, 'rnn_hidden_state_dim': 41}",{'update_pairs': False},{'dim': 421},{'dim': 1024},"{'fingerprint_size': 2238, 'num_layers': 3, 'dim': 467}",-0.15746058345731415
2,2,"[1992, 241]",1,256,5,0.3162853068004974,128,128,128,adamax,0.0004087995446724508,0.0026641572671298485,"{'model_types': ['psc', 'pcnn2d'], 'vocab_size': 9048, 'window': 11, 'pcnn_num_layers': 1, 'embedding_dim': 36, 'psc_dim': 8421, 'rnn_hidden_state_dim': 36}",{'update_pairs': False},{'dim': 501},{'dim': 1024},"{'fingerprint_size': 2238, 'num_layers': 2, 'dim': 193}",-0.1831919492731265
8,3,[1228],1,256,5,0.11248389314157967,128,128,128,adamax,0.0005731147865194533,0.005775724476259246,"{'model_types': ['psc', 'pcnn2d'], 'vocab_size': 9048, 'window': 11, 'pcnn_num_layers': 3, 'embedding_dim': 31, 'psc_dim': 8421, 'rnn_hidden_state_dim': 41}",{'update_pairs': False},{'dim': 480},{'dim': 1024},"{'fingerprint_size': 2238, 'num_layers': 3, 'dim': 384}",-0.18728323972039834
2,1,"[98, 989]",1,256,5,0.2162942358774939,128,128,128,sgd,0.00021032722305250125,0.0006414503197194879,"{'model_types': ['psc', 'pcnn2d'], 'vocab_size': 9048, 'window': 11, 'pcnn_num_layers': 3, 'embedding_dim': 8, 'psc_dim': 8421, 'rnn_hidden_state_dim': 31}",{'update_pairs': False},{'dim': 300},{'dim': 1024},"{'fingerprint_size': 2238, 'num_layers': 4, 'dim': 176}",-0.19342303180334094
2,3,"[968, 139]",1,256,5,0.110536718604638,128,128,128,adam,0.00013483866543835763,0.00043399475240977825,"{'model_types': ['psc', 'pcnn2d'], 'vocab_size': 9048, 'window': 11, 'pcnn_num_layers': 4, 'embedding_dim': 17, 'psc_dim': 8421, 'rnn_hidden_state_dim': 41}",{'update_pairs': False},{'dim': 314},{'dim': 1024},"{'fingerprint_size': 2238, 'num_layers': 3, 'dim': 405}",-0.20059755753635175
2,1,"[98, 989]",1,256,5,0.2162942358774939,128,128,128,sgd,0.00021032722305250125,0.0006414503197194879,"{'model_types': ['psc', 'pcnn2d'], 'vocab_size': 9048, 'window': 11, 'pcnn_num_layers': 3, 'embedding_dim': 8, 'psc_dim': 8421, 'rnn_hidden_state_dim': 31}",{'update_pairs': False},{'dim': 300},{'dim': 1024},"{'fingerprint_size': 2238, 'num_layers': 4, 'dim': 176}",-0.2097805767116486
2,3,"[1756, 334, 1395]",1,256,5,0.1619884824536622,128,128,128,adadelta,0.0007206883168910365,0.8049648553619331,"{'model_types': ['psc', 'pcnn2d'], 'vocab_size': 9048, 'window': 11, 'pcnn_num_layers': 4, 'embedding_dim': 32, 'psc_dim': 8421, 'rnn_hidden_state_dim': 39}",{'update_pairs': False},{'dim': 185},{'dim': 1024},"{'fingerprint_size': 2238, 'num_layers': 3, 'dim': 397}",-0.21721169839622567
8,3,[1228],1,256,5,0.11248389314157967,128,128,128,adamax,0.0005731147865194533,0.005775724476259246,"{'model_types': ['psc', 'pcnn2d'], 'vocab_size': 9048, 'window': 11, 'pcnn_num_layers': 3, 'embedding_dim': 31, 'psc_dim': 8421, 'rnn_hidden_state_dim': 41}",{'update_pairs': False},{'dim': 480},{'dim': 1024},"{'fingerprint_size': 2238, 'num_layers': 3, 'dim': 384}",-0.21817284451759367
2,3,"[968, 139]",1,256,5,0.110536718604638,128,128,128,adam,0.00013483866543835763,0.00043399475240977825,"{'model_types': ['psc', 'pcnn2d'], 'vocab_size': 9048, 'window': 11, 'pcnn_num_layers': 4, 'embedding_dim': 17, 'psc_dim': 8421, 'rnn_hidden_state_dim': 41}",{'update_pairs': False},{'dim': 314},{'dim': 1024},"{'fingerprint_size': 2238, 'num_layers': 3, 'dim': 405}",-0.21967219198209972
8,2,"[501, 1278]",1,256,5,0.19735440862292658,128,128,128,adamax,0.002406780609690685,0.00015086989863234931,"{'model_types': ['psc', 'pcnn2d'], 'vocab_size': 9048, 'window': 11, 'pcnn_num_layers': 2, 'embedding_dim': 46, 'psc_dim': 8421, 'rnn_hidden_state_dim': 12}",{'update_pairs': False},{'dim': 157},{'dim': 1024},"{'fingerprint_size': 2238, 'num_layers': 3, 'dim': 258}",-0.2300994155853159
4,1,"[1538, 445]",1,256,5,0.3032990150269157,128,128,128,sgd,0.011897275088709415,0.0004887799795976465,"{'model_types': ['psc', 'pcnn2d'], 'vocab_size': 9048, 'window': 11, 'pcnn_num_layers': 2, 'embedding_dim': 10, 'psc_dim': 8421, 'rnn_hidden_state_dim': 28}",{'update_pairs': False},{'dim': 110},{'dim': 1024},"{'fingerprint_size': 2238, 'num_layers': 2, 'dim': 168}",-0.23369239383824159
8,2,"[501, 1278]",1,256,5,0.19735440862292658,128,128,128,adamax,0.002406780609690685,0.00015086989863234931,"{'model_types': ['psc', 'pcnn2d'], 'vocab_size': 9048, 'window': 11, 'pcnn_num_layers': 2, 'embedding_dim': 46, 'psc_dim': 8421, 'rnn_hidden_state_dim': 12}",{'update_pairs': False},{'dim': 157},{'dim': 1024},"{'fingerprint_size': 2238, 'num_layers': 3, 'dim': 258}",-0.2337322696879253
4,1,[441],1,256,5,0.19422471793880902,128,128,128,rmsprop,0.0015974103130456986,0.0019602339390464006,"{'model_types': ['psc', 'pcnn2d'], 'vocab_size': 9048, 'window': 11, 'pcnn_num_layers': 1, 'embedding_dim': 25, 'psc_dim': 8421, 'rnn_hidden_state_dim': 41}",{'update_pairs': False},{'dim': 421},{'dim': 1024},"{'fingerprint_size': 2238, 'num_layers': 3, 'dim': 467}",-0.23417655436405324
8,2,[1302],1,256,5,0.18884981901414996,128,128,128,adadelta,0.00024248732453026716,0.4106583576251872,"{'model_types': ['psc', 'pcnn2d'], 'vocab_size': 9048, 'window': 11, 'pcnn_num_layers': 1, 'embedding_dim': 29, 'psc_dim': 8421, 'rnn_hidden_state_dim': 9}",{'update_pairs': False},{'dim': 475},{'dim': 1024},"{'fingerprint_size': 2238, 'num_layers': 4, 'dim': 198}",-0.23619808949887336
8,2,[1302],1,256,5,0.18884981901414996,128,128,128,adadelta,0.00024248732453026716,0.4106583576251872,"{'model_types': ['psc', 'pcnn2d'], 'vocab_size': 9048, 'window': 11, 'pcnn_num_layers': 1, 'embedding_dim': 29, 'psc_dim': 8421, 'rnn_hidden_state_dim': 9}",{'update_pairs': False},{'dim': 475},{'dim': 1024},"{'fingerprint_size': 2238, 'num_layers': 4, 'dim': 198}",-0.23788882933897787
8,3,[1228],1,256,5,0.11248389314157967,128,128,128,adamax,0.0005731147865194533,0.005775724476259246,"{'model_types': ['psc', 'pcnn2d'], 'vocab_size': 9048, 'window': 11, 'pcnn_num_layers': 3, 'embedding_dim': 31, 'psc_dim': 8421, 'rnn_hidden_state_dim': 41}",{'update_pairs': False},{'dim': 480},{'dim': 1024},"{'fingerprint_size': 2238, 'num_layers': 3, 'dim': 384}",-0.23851936771923973
8,3,[1228],1,256,5,0.11248389314157967,128,128,128,adamax,0.0005731147865194533,0.005775724476259246,"{'model_types': ['psc', 'pcnn2d'], 'vocab_size': 9048, 'window': 11, 'pcnn_num_layers': 3, 'embedding_dim': 31, 'psc_dim': 8421, 'rnn_hidden_state_dim': 41}",{'update_pairs': False},{'dim': 480},{'dim': 1024},"{'fingerprint_size': 2238, 'num_layers': 3, 'dim': 384}",-0.238981584715087
4,1,"[1538, 445]",1,256,5,0.3032990150269157,128,128,128,sgd,0.011897275088709415,0.0004887799795976465,"{'model_types': ['psc', 'pcnn2d'], 'vocab_size': 9048, 'window': 11, 'pcnn_num_layers': 2, 'embedding_dim': 10, 'psc_dim': 8421, 'rnn_hidden_state_dim': 28}",{'update_pairs': False},{'dim': 110},{'dim': 1024},"{'fingerprint_size': 2238, 'num_layers': 2, 'dim': 168}",-0.2488164595835248
2,1,"[98, 989]",1,256,5,0.2162942358774939,128,128,128,sgd,0.00021032722305250125,0.0006414503197194879,"{'model_types': ['psc', 'pcnn2d'], 'vocab_size': 9048, 'window': 11, 'pcnn_num_layers': 3, 'embedding_dim': 8, 'psc_dim': 8421, 'rnn_hidden_state_dim': 31}",{'update_pairs': False},{'dim': 300},{'dim': 1024},"{'fingerprint_size': 2238, 'num_layers': 4, 'dim': 176}",-0.2608933407048229
4,1,[441],1,256,5,0.19422471793880902,128,128,128,rmsprop,0.0015974103130456986,0.0019602339390464006,"{'model_types': ['psc', 'pcnn2d'], 'vocab_size': 9048, 'window': 11, 'pcnn_num_layers': 1, 'embedding_dim': 25, 'psc_dim': 8421, 'rnn_hidden_state_dim': 41}",{'update_pairs': False},{'dim': 421},{'dim': 1024},"{'fingerprint_size': 2238, 'num_layers': 3, 'dim': 467}",-0.26452107910908934
4,2,"[1962, 582]",1,512,5,0.47997525541305597,128,128,128,adagrad,0.115329502276729,0.00015183885296158827,"{'model_types': ['psc', 'pcnn2d'], 'vocab_size': 9048, 'window': 11, 'pcnn_num_layers': 1, 'embedding_dim': 41, 'psc_dim': 8421, 'rnn_hidden_state_dim': 6}",{'update_pairs': False},{'dim': 460},{'dim': 1024},"{'fingerprint_size': 2238, 'num_layers': 3, 'dim': 265}",-0.26478825594544353
8,2,[1302],1,256,5,0.18884981901414996,128,128,128,adadelta,0.00024248732453026716,0.4106583576251872,"{'model_types': ['psc', 'pcnn2d'], 'vocab_size': 9048, 'window': 11, 'pcnn_num_layers': 1, 'embedding_dim': 29, 'psc_dim': 8421, 'rnn_hidden_state_dim': 9}",{'update_pairs': False},{'dim': 475},{'dim': 1024},"{'fingerprint_size': 2238, 'num_layers': 4, 'dim': 198}",-0.2665537134361967
4,2,"[1962, 582]",1,512,5,0.47997525541305597,128,128,128,adagrad,0.115329502276729,0.00015183885296158827,"{'model_types': ['psc', 'pcnn2d'], 'vocab_size': 9048, 'window': 11, 'pcnn_num_layers': 1, 'embedding_dim': 41, 'psc_dim': 8421, 'rnn_hidden_state_dim': 6}",{'update_pairs': False},{'dim': 460},{'dim': 1024},"{'fingerprint_size': 2238, 'num_layers': 3, 'dim': 265}",-0.27519014574563183
2,3,"[1041, 734]",1,512,5,0.2951666667059234,128,128,128,adamax,0.009213854127024598,0.000617910767845049,"{'model_types': ['psc', 'pcnn2d'], 'vocab_size': 9048, 'window': 11, 'pcnn_num_layers': 2, 'embedding_dim': 15, 'psc_dim': 8421, 'rnn_hidden_state_dim': 22}",{'update_pairs': False},{'dim': 469},{'dim': 1024},"{'fingerprint_size': 2238, 'num_layers': 3, 'dim': 192}",-0.2852624830104161
8,2,[1800],1,512,5,0.38511610452017864,128,128,128,adagrad,0.007812948619168212,0.0015715577217597595,"{'model_types': ['psc', 'pcnn2d'], 'vocab_size': 9048, 'window': 11, 'pcnn_num_layers': 4, 'embedding_dim': 48, 'psc_dim': 8421, 'rnn_hidden_state_dim': 39}",{'update_pairs': False},{'dim': 399},{'dim': 1024},"{'fingerprint_size': 2238, 'num_layers': 2, 'dim': 433}",-0.28933647954462693
2,2,"[399, 756, 888]",1,256,5,0.46163485819470385,256,128,128,adagrad,0.00938426357068771,0.0048043943445570765,"{'model_types': ['psc', 'pcnn2d'], 'vocab_size': 9048, 'window': 11, 'pcnn_num_layers': 2, 'embedding_dim': 8, 'psc_dim': 8421, 'rnn_hidden_state_dim': 27}",{'update_pairs': False},{'dim': 497},{'dim': 1024},"{'fingerprint_size': 2238, 'num_layers': 1, 'dim': 377}",-0.29218589993283195
2,3,"[485, 1086]",1,256,5,0.47361754940321454,128,128,128,adadelta,0.00016346734933172613,0.4011465571366191,"{'model_types': ['psc', 'pcnn2d'], 'vocab_size': 9048, 'window': 11, 'pcnn_num_layers': 3, 'embedding_dim': 25, 'psc_dim': 8421, 'rnn_hidden_state_dim': 12}",{'update_pairs': False},{'dim': 489},{'dim': 1024},"{'fingerprint_size': 2238, 'num_layers': 1, 'dim': 233}",-0.29268550873093974
2,3,"[1041, 734]",1,512,5,0.2951666667059234,128,128,128,adamax,0.009213854127024598,0.000617910767845049,"{'model_types': ['psc', 'pcnn2d'], 'vocab_size': 9048, 'window': 11, 'pcnn_num_layers': 2, 'embedding_dim': 15, 'psc_dim': 8421, 'rnn_hidden_state_dim': 22}",{'update_pairs': False},{'dim': 469},{'dim': 1024},"{'fingerprint_size': 2238, 'num_layers': 3, 'dim': 192}",-0.2945581955197896
8,1,"[1902, 2014, 1731]",1,512,5,0.3128294924030026,128,128,128,adam,0.005455951919769396,0.006889127998816375,"{'model_types': ['psc', 'pcnn2d'], 'vocab_size': 9048, 'window': 11, 'pcnn_num_layers': 1, 'embedding_dim': 41, 'psc_dim': 8421, 'rnn_hidden_state_dim': 5}",{'update_pairs': False},{'dim': 210},{'dim': 1024},"{'fingerprint_size': 2238, 'num_layers': 4, 'dim': 217}",-0.30133448924292866
8,2,[1302],1,256,5,0.18884981901414996,128,128,128,adadelta,0.00024248732453026716,0.4106583576251872,"{'model_types': ['psc', 'pcnn2d'], 'vocab_size': 9048, 'window': 11, 'pcnn_num_layers': 1, 'embedding_dim': 29, 'psc_dim': 8421, 'rnn_hidden_state_dim': 9}",{'update_pairs': False},{'dim': 475},{'dim': 1024},"{'fingerprint_size': 2238, 'num_layers': 4, 'dim': 198}",-0.3066353486261253
8,2,[1302],1,256,5,0.18884981901414996,128,128,128,adadelta,0.00024248732453026716,0.4106583576251872,"{'model_types': ['psc', 'pcnn2d'], 'vocab_size': 9048, 'window': 11, 'pcnn_num_layers': 1, 'embedding_dim': 29, 'psc_dim': 8421, 'rnn_hidden_state_dim': 9}",{'update_pairs': False},{'dim': 475},{'dim': 1024},"{'fingerprint_size': 2238, 'num_layers': 4, 'dim': 198}",-0.3076475196971917
4,1,[441],1,256,5,0.19422471793880902,128,128,128,rmsprop,0.0015974103130456986,0.0019602339390464006,"{'model_types': ['psc', 'pcnn2d'], 'vocab_size': 9048, 'window': 11, 'pcnn_num_layers': 1, 'embedding_dim': 25, 'psc_dim': 8421, 'rnn_hidden_state_dim': 41}",{'update_pairs': False},{'dim': 421},{'dim': 1024},"{'fingerprint_size': 2238, 'num_layers': 3, 'dim': 467}",-0.30807279613883914
8,2,"[501, 1278]",1,256,5,0.19735440862292658,128,128,128,adamax,0.002406780609690685,0.00015086989863234931,"{'model_types': ['psc', 'pcnn2d'], 'vocab_size': 9048, 'window': 11, 'pcnn_num_layers': 2, 'embedding_dim': 46, 'psc_dim': 8421, 'rnn_hidden_state_dim': 12}",{'update_pairs': False},{'dim': 157},{'dim': 1024},"{'fingerprint_size': 2238, 'num_layers': 3, 'dim': 258}",-0.3120514740131879
1,1,[1752],1,512,5,0.3924236498420166,256,128,128,adadelta,0.008161982277354067,0.005175682864730678,"{'model_types': ['psc', 'pcnn2d'], 'vocab_size': 9048, 'window': 11, 'pcnn_num_layers': 4, 'embedding_dim': 48, 'psc_dim': 8421, 'rnn_hidden_state_dim': 47}",{'update_pairs': False},{'dim': 473},{'dim': 1024},"{'fingerprint_size': 2238, 'num_layers': 2, 'dim': 140}",-0.3170922996438412
2,3,"[1041, 734]",1,512,5,0.2951666667059234,128,128,128,adamax,0.009213854127024598,0.000617910767845049,"{'model_types': ['psc', 'pcnn2d'], 'vocab_size': 9048, 'window': 11, 'pcnn_num_layers': 2, 'embedding_dim': 15, 'psc_dim': 8421, 'rnn_hidden_state_dim': 22}",{'update_pairs': False},{'dim': 469},{'dim': 1024},"{'fingerprint_size': 2238, 'num_layers': 3, 'dim': 192}",-0.32360867533807913
2,2,"[454, 979]",1,512,5,0.3337747167574482,128,128,128,sgd,0.015603382075251132,0.00032071477642638986,"{'model_types': ['psc', 'pcnn2d'], 'vocab_size': 9048, 'window': 11, 'pcnn_num_layers': 3, 'embedding_dim': 13, 'psc_dim': 8421, 'rnn_hidden_state_dim': 7}",{'update_pairs': False},{'dim': 275},{'dim': 1024},"{'fingerprint_size': 2238, 'num_layers': 2, 'dim': 428}",-0.32825018678261103
2,3,"[1041, 734]",1,512,5,0.2951666667059234,128,128,128,adamax,0.009213854127024598,0.000617910767845049,"{'model_types': ['psc', 'pcnn2d'], 'vocab_size': 9048, 'window': 11, 'pcnn_num_layers': 2, 'embedding_dim': 15, 'psc_dim': 8421, 'rnn_hidden_state_dim': 22}",{'update_pairs': False},{'dim': 469},{'dim': 1024},"{'fingerprint_size': 2238, 'num_layers': 3, 'dim': 192}",-0.3314416881344137
16,1,"[1935, 273]",1,256,5,0.2918782771530311,128,128,128,adamax,0.04628120924126378,0.03220844598644715,"{'model_types': ['psc', 'pcnn2d'], 'vocab_size': 9048, 'window': 11, 'pcnn_num_layers': 2, 'embedding_dim': 17, 'psc_dim': 8421, 'rnn_hidden_state_dim': 27}",{'update_pairs': False},{'dim': 394},{'dim': 1024},"{'fingerprint_size': 2238, 'num_layers': 3, 'dim': 429}",-0.3398749531896202
4,2,"[1962, 582]",1,512,5,0.47997525541305597,128,128,128,adagrad,0.115329502276729,0.00015183885296158827,"{'model_types': ['psc', 'pcnn2d'], 'vocab_size': 9048, 'window': 11, 'pcnn_num_layers': 1, 'embedding_dim': 41, 'psc_dim': 8421, 'rnn_hidden_state_dim': 6}",{'update_pairs': False},{'dim': 460},{'dim': 1024},"{'fingerprint_size': 2238, 'num_layers': 3, 'dim': 265}",-0.34106385541024165
8,2,[1800],1,512,5,0.38511610452017864,128,128,128,adagrad,0.007812948619168212,0.0015715577217597595,"{'model_types': ['psc', 'pcnn2d'], 'vocab_size': 9048, 'window': 11, 'pcnn_num_layers': 4, 'embedding_dim': 48, 'psc_dim': 8421, 'rnn_hidden_state_dim': 39}",{'update_pairs': False},{'dim': 399},{'dim': 1024},"{'fingerprint_size': 2238, 'num_layers': 2, 'dim': 433}",-0.34321531093848884
8,1,"[1902, 2014, 1731]",1,512,5,0.3128294924030026,128,128,128,adam,0.005455951919769396,0.006889127998816375,"{'model_types': ['psc', 'pcnn2d'], 'vocab_size': 9048, 'window': 11, 'pcnn_num_layers': 1, 'embedding_dim': 41, 'psc_dim': 8421, 'rnn_hidden_state_dim': 5}",{'update_pairs': False},{'dim': 210},{'dim': 1024},"{'fingerprint_size': 2238, 'num_layers': 4, 'dim': 217}",-0.3463942987566609
2,2,"[1992, 241]",1,256,5,0.3162853068004974,128,128,128,adamax,0.0004087995446724508,0.0026641572671298485,"{'model_types': ['psc', 'pcnn2d'], 'vocab_size': 9048, 'window': 11, 'pcnn_num_layers': 1, 'embedding_dim': 36, 'psc_dim': 8421, 'rnn_hidden_state_dim': 36}",{'update_pairs': False},{'dim': 501},{'dim': 1024},"{'fingerprint_size': 2238, 'num_layers': 2, 'dim': 193}",-0.3474504457365638
1,2,"[134, 1495]",1,512,5,0.312363194823434,128,128,128,adam,0.6485734963256868,0.06416491594591549,"{'model_types': ['psc', 'pcnn2d'], 'vocab_size': 9048, 'window': 11, 'pcnn_num_layers': 3, 'embedding_dim': 24, 'psc_dim': 8421, 'rnn_hidden_state_dim': 27}",{'update_pairs': False},{'dim': 187},{'dim': 1024},"{'fingerprint_size': 2238, 'num_layers': 3, 'dim': 286}",-0.34854539523143585
8,2,[116],1,256,5,0.2992456625033958,128,128,128,adam,0.12635070286021088,0.13422828674207796,"{'model_types': ['psc', 'pcnn2d'], 'vocab_size': 9048, 'window': 11, 'pcnn_num_layers': 2, 'embedding_dim': 43, 'psc_dim': 8421, 'rnn_hidden_state_dim': 43}",{'update_pairs': False},{'dim': 141},{'dim': 1024},"{'fingerprint_size': 2238, 'num_layers': 2, 'dim': 84}",-0.35041876611647155
4,3,"[1745, 1649]",1,512,5,0.4639814708235811,128,128,128,adam,0.000425629951373882,0.576189808945051,"{'model_types': ['psc', 'pcnn2d'], 'vocab_size': 9048, 'window': 11, 'pcnn_num_layers': 1, 'embedding_dim': 35, 'psc_dim': 8421, 'rnn_hidden_state_dim': 6}",{'update_pairs': False},{'dim': 97},{'dim': 1024},"{'fingerprint_size': 2238, 'num_layers': 2, 'dim': 248}",-0.35397078531578535
4,2,"[1962, 582]",1,512,5,0.47997525541305597,128,128,128,adagrad,0.115329502276729,0.00015183885296158827,"{'model_types': ['psc', 'pcnn2d'], 'vocab_size': 9048, 'window': 11, 'pcnn_num_layers': 1, 'embedding_dim': 41, 'psc_dim': 8421, 'rnn_hidden_state_dim': 6}",{'update_pairs': False},{'dim': 460},{'dim': 1024},"{'fingerprint_size': 2238, 'num_layers': 3, 'dim': 265}",-0.3575272527912028
16,2,[246],1,256,5,0.4251979881543896,128,128,128,adamax,0.028300386771202637,0.005100811831211928,"{'model_types': ['psc', 'pcnn2d'], 'vocab_size': 9048, 'window': 11, 'pcnn_num_layers': 3, 'embedding_dim': 24, 'psc_dim': 8421, 'rnn_hidden_state_dim': 24}",{'update_pairs': False},{'dim': 226},{'dim': 1024},"{'fingerprint_size': 2238, 'num_layers': 1, 'dim': 484}",-0.3576804045493061
8,2,"[1277, 1735]",1,512,5,0.35820581771622007,128,128,128,rmsprop,0.0001538594734445166,0.0006687397583669559,"{'model_types': ['psc', 'pcnn2d'], 'vocab_size': 9048, 'window': 11, 'pcnn_num_layers': 1, 'embedding_dim': 25, 'psc_dim': 8421, 'rnn_hidden_state_dim': 36}",{'update_pairs': False},{'dim': 407},{'dim': 1024},"{'fingerprint_size': 2238, 'num_layers': 4, 'dim': 232}",-0.3586449743778736
2,2,"[399, 756, 888]",1,256,5,0.46163485819470385,256,128,128,adagrad,0.00938426357068771,0.0048043943445570765,"{'model_types': ['psc', 'pcnn2d'], 'vocab_size': 9048, 'window': 11, 'pcnn_num_layers': 2, 'embedding_dim': 8, 'psc_dim': 8421, 'rnn_hidden_state_dim': 27}",{'update_pairs': False},{'dim': 497},{'dim': 1024},"{'fingerprint_size': 2238, 'num_layers': 1, 'dim': 377}",-0.36015504420802186
1,2,"[134, 1495]",1,512,5,0.312363194823434,128,128,128,adam,0.6485734963256868,0.06416491594591549,"{'model_types': ['psc', 'pcnn2d'], 'vocab_size': 9048, 'window': 11, 'pcnn_num_layers': 3, 'embedding_dim': 24, 'psc_dim': 8421, 'rnn_hidden_state_dim': 27}",{'update_pairs': False},{'dim': 187},{'dim': 1024},"{'fingerprint_size': 2238, 'num_layers': 3, 'dim': 286}",-0.3602985284639705
4,1,"[1538, 445]",1,256,5,0.3032990150269157,128,128,128,sgd,0.011897275088709415,0.0004887799795976465,"{'model_types': ['psc', 'pcnn2d'], 'vocab_size': 9048, 'window': 11, 'pcnn_num_layers': 2, 'embedding_dim': 10, 'psc_dim': 8421, 'rnn_hidden_state_dim': 28}",{'update_pairs': False},{'dim': 110},{'dim': 1024},"{'fingerprint_size': 2238, 'num_layers': 2, 'dim': 168}",-0.36224558434685666
2,3,"[485, 1086]",1,256,5,0.47361754940321454,128,128,128,adadelta,0.00016346734933172613,0.4011465571366191,"{'model_types': ['psc', 'pcnn2d'], 'vocab_size': 9048, 'window': 11, 'pcnn_num_layers': 3, 'embedding_dim': 25, 'psc_dim': 8421, 'rnn_hidden_state_dim': 12}",{'update_pairs': False},{'dim': 489},{'dim': 1024},"{'fingerprint_size': 2238, 'num_layers': 1, 'dim': 233}",-0.36523294811816337
1,1,"[1440, 1079]",1,256,5,0.4698922664141847,256,128,128,adamax,0.31096669736277405,0.015692122046241954,"{'model_types': ['psc', 'pcnn2d'], 'vocab_size': 9048, 'window': 11, 'pcnn_num_layers': 4, 'embedding_dim': 40, 'psc_dim': 8421, 'rnn_hidden_state_dim': 30}",{'update_pairs': False},{'dim': 385},{'dim': 1024},"{'fingerprint_size': 2238, 'num_layers': 2, 'dim': 281}",-0.36595083543507
1,2,"[1406, 660]",1,256,5,0.3123958897400943,256,128,128,adagrad,0.04946352856694378,0.0003067823813018999,"{'model_types': ['psc', 'pcnn2d'], 'vocab_size': 9048, 'window': 11, 'pcnn_num_layers': 2, 'embedding_dim': 17, 'psc_dim': 8421, 'rnn_hidden_state_dim': 31}",{'update_pairs': False},{'dim': 360},{'dim': 1024},"{'fingerprint_size': 2238, 'num_layers': 2, 'dim': 130}",-0.36628716331298583
8,1,"[1902, 2014, 1731]",1,512,5,0.3128294924030026,128,128,128,adam,0.005455951919769396,0.006889127998816375,"{'model_types': ['psc', 'pcnn2d'], 'vocab_size': 9048, 'window': 11, 'pcnn_num_layers': 1, 'embedding_dim': 41, 'psc_dim': 8421, 'rnn_hidden_state_dim': 5}",{'update_pairs': False},{'dim': 210},{'dim': 1024},"{'fingerprint_size': 2238, 'num_layers': 4, 'dim': 217}",-0.3675536394743783
4,2,"[1962, 582]",1,512,5,0.47997525541305597,128,128,128,adagrad,0.115329502276729,0.00015183885296158827,"{'model_types': ['psc', 'pcnn2d'], 'vocab_size': 9048, 'window': 11, 'pcnn_num_layers': 1, 'embedding_dim': 41, 'psc_dim': 8421, 'rnn_hidden_state_dim': 6}",{'update_pairs': False},{'dim': 460},{'dim': 1024},"{'fingerprint_size': 2238, 'num_layers': 3, 'dim': 265}",-0.36901271890383563
2,2,"[454, 979]",1,512,5,0.3337747167574482,128,128,128,sgd,0.015603382075251132,0.00032071477642638986,"{'model_types': ['psc', 'pcnn2d'], 'vocab_size': 9048, 'window': 11, 'pcnn_num_layers': 3, 'embedding_dim': 13, 'psc_dim': 8421, 'rnn_hidden_state_dim': 7}",{'update_pairs': False},{'dim': 275},{'dim': 1024},"{'fingerprint_size': 2238, 'num_layers': 2, 'dim': 428}",-0.37084456438898616
2,2,"[454, 979]",1,512,5,0.3337747167574482,128,128,128,sgd,0.015603382075251132,0.00032071477642638986,"{'model_types': ['psc', 'pcnn2d'], 'vocab_size': 9048, 'window': 11, 'pcnn_num_layers': 3, 'embedding_dim': 13, 'psc_dim': 8421, 'rnn_hidden_state_dim': 7}",{'update_pairs': False},{'dim': 275},{'dim': 1024},"{'fingerprint_size': 2238, 'num_layers': 2, 'dim': 428}",-0.3720018105386984
2,1,"[98, 989]",1,256,5,0.2162942358774939,128,128,128,sgd,0.00021032722305250125,0.0006414503197194879,"{'model_types': ['psc', 'pcnn2d'], 'vocab_size': 9048, 'window': 11, 'pcnn_num_layers': 3, 'embedding_dim': 8, 'psc_dim': 8421, 'rnn_hidden_state_dim': 31}",{'update_pairs': False},{'dim': 300},{'dim': 1024},"{'fingerprint_size': 2238, 'num_layers': 4, 'dim': 176}",-0.3819932963596519
1,1,"[1440, 1079]",1,256,5,0.4698922664141847,256,128,128,adamax,0.31096669736277405,0.015692122046241954,"{'model_types': ['psc', 'pcnn2d'], 'vocab_size': 9048, 'window': 11, 'pcnn_num_layers': 4, 'embedding_dim': 40, 'psc_dim': 8421, 'rnn_hidden_state_dim': 30}",{'update_pairs': False},{'dim': 385},{'dim': 1024},"{'fingerprint_size': 2238, 'num_layers': 2, 'dim': 281}",-0.3855292917136673
16,1,"[1935, 273]",1,256,5,0.2918782771530311,128,128,128,adamax,0.04628120924126378,0.03220844598644715,"{'model_types': ['psc', 'pcnn2d'], 'vocab_size': 9048, 'window': 11, 'pcnn_num_layers': 2, 'embedding_dim': 17, 'psc_dim': 8421, 'rnn_hidden_state_dim': 27}",{'update_pairs': False},{'dim': 394},{'dim': 1024},"{'fingerprint_size': 2238, 'num_layers': 3, 'dim': 429}",-0.3856571497771268
1,1,"[1440, 1079]",1,256,5,0.4698922664141847,256,128,128,adamax,0.31096669736277405,0.015692122046241954,"{'model_types': ['psc', 'pcnn2d'], 'vocab_size': 9048, 'window': 11, 'pcnn_num_layers': 4, 'embedding_dim': 40, 'psc_dim': 8421, 'rnn_hidden_state_dim': 30}",{'update_pairs': False},{'dim': 385},{'dim': 1024},"{'fingerprint_size': 2238, 'num_layers': 2, 'dim': 281}",-0.3868542381533317
1,2,"[1406, 660]",1,256,5,0.3123958897400943,256,128,128,adagrad,0.04946352856694378,0.0003067823813018999,"{'model_types': ['psc', 'pcnn2d'], 'vocab_size': 9048, 'window': 11, 'pcnn_num_layers': 2, 'embedding_dim': 17, 'psc_dim': 8421, 'rnn_hidden_state_dim': 31}",{'update_pairs': False},{'dim': 360},{'dim': 1024},"{'fingerprint_size': 2238, 'num_layers': 2, 'dim': 130}",-0.38928805024461355
2,3,"[1041, 734]",1,512,5,0.2951666667059234,128,128,128,adamax,0.009213854127024598,0.000617910767845049,"{'model_types': ['psc', 'pcnn2d'], 'vocab_size': 9048, 'window': 11, 'pcnn_num_layers': 2, 'embedding_dim': 15, 'psc_dim': 8421, 'rnn_hidden_state_dim': 22}",{'update_pairs': False},{'dim': 469},{'dim': 1024},"{'fingerprint_size': 2238, 'num_layers': 3, 'dim': 192}",-0.38959031152106044
4,1,"[1538, 445]",1,256,5,0.3032990150269157,128,128,128,sgd,0.011897275088709415,0.0004887799795976465,"{'model_types': ['psc', 'pcnn2d'], 'vocab_size': 9048, 'window': 11, 'pcnn_num_layers': 2, 'embedding_dim': 10, 'psc_dim': 8421, 'rnn_hidden_state_dim': 28}",{'update_pairs': False},{'dim': 110},{'dim': 1024},"{'fingerprint_size': 2238, 'num_layers': 2, 'dim': 168}",-0.39046816199566503
2,3,"[485, 1086]",1,256,5,0.47361754940321454,128,128,128,adadelta,0.00016346734933172613,0.4011465571366191,"{'model_types': ['psc', 'pcnn2d'], 'vocab_size': 9048, 'window': 11, 'pcnn_num_layers': 3, 'embedding_dim': 25, 'psc_dim': 8421, 'rnn_hidden_state_dim': 12}",{'update_pairs': False},{'dim': 489},{'dim': 1024},"{'fingerprint_size': 2238, 'num_layers': 1, 'dim': 233}",-0.39115660309129513
16,1,"[1935, 273]",1,256,5,0.2918782771530311,128,128,128,adamax,0.04628120924126378,0.03220844598644715,"{'model_types': ['psc', 'pcnn2d'], 'vocab_size': 9048, 'window': 11, 'pcnn_num_layers': 2, 'embedding_dim': 17, 'psc_dim': 8421, 'rnn_hidden_state_dim': 27}",{'update_pairs': False},{'dim': 394},{'dim': 1024},"{'fingerprint_size': 2238, 'num_layers': 3, 'dim': 429}",-0.3960655678175231
8,2,"[501, 1278]",1,256,5,0.19735440862292658,128,128,128,adamax,0.002406780609690685,0.00015086989863234931,"{'model_types': ['psc', 'pcnn2d'], 'vocab_size': 9048, 'window': 11, 'pcnn_num_layers': 2, 'embedding_dim': 46, 'psc_dim': 8421, 'rnn_hidden_state_dim': 12}",{'update_pairs': False},{'dim': 157},{'dim': 1024},"{'fingerprint_size': 2238, 'num_layers': 3, 'dim': 258}",-0.39650593713316235
1,2,"[134, 1495]",1,512,5,0.312363194823434,128,128,128,adam,0.6485734963256868,0.06416491594591549,"{'model_types': ['psc', 'pcnn2d'], 'vocab_size': 9048, 'window': 11, 'pcnn_num_layers': 3, 'embedding_dim': 24, 'psc_dim': 8421, 'rnn_hidden_state_dim': 27}",{'update_pairs': False},{'dim': 187},{'dim': 1024},"{'fingerprint_size': 2238, 'num_layers': 3, 'dim': 286}",-0.3982288571262035
4,3,"[93, 1028]",1,256,5,0.11518165792704577,128,128,128,adadelta,0.1851402030591615,0.23434039234453224,"{'model_types': ['psc', 'pcnn2d'], 'vocab_size': 9048, 'window': 11, 'pcnn_num_layers': 2, 'embedding_dim': 8, 'psc_dim': 8421, 'rnn_hidden_state_dim': 29}",{'update_pairs': False},{'dim': 228},{'dim': 1024},"{'fingerprint_size': 2238, 'num_layers': 4, 'dim': 219}",-0.4011905953152078
4,1,"[1557, 2030, 700]",1,512,5,0.38264498804869806,128,128,128,rmsprop,0.39247142424825365,0.002327718268445587,"{'model_types': ['psc', 'pcnn2d'], 'vocab_size': 9048, 'window': 11, 'pcnn_num_layers': 2, 'embedding_dim': 44, 'psc_dim': 8421, 'rnn_hidden_state_dim': 25}",{'update_pairs': False},{'dim': 284},{'dim': 1024},"{'fingerprint_size': 2238, 'num_layers': 4, 'dim': 280}",-0.4039928319053911
8,2,"[1277, 1735]",1,512,5,0.35820581771622007,128,128,128,rmsprop,0.0001538594734445166,0.0006687397583669559,"{'model_types': ['psc', 'pcnn2d'], 'vocab_size': 9048, 'window': 11, 'pcnn_num_layers': 1, 'embedding_dim': 25, 'psc_dim': 8421, 'rnn_hidden_state_dim': 36}",{'update_pairs': False},{'dim': 407},{'dim': 1024},"{'fingerprint_size': 2238, 'num_layers': 4, 'dim': 232}",-0.40503046051750013
8,1,"[1902, 2014, 1731]",1,512,5,0.3128294924030026,128,128,128,adam,0.005455951919769396,0.006889127998816375,"{'model_types': ['psc', 'pcnn2d'], 'vocab_size': 9048, 'window': 11, 'pcnn_num_layers': 1, 'embedding_dim': 41, 'psc_dim': 8421, 'rnn_hidden_state_dim': 5}",{'update_pairs': False},{'dim': 210},{'dim': 1024},"{'fingerprint_size': 2238, 'num_layers': 4, 'dim': 217}",-0.40506377922906284
8,2,[116],1,256,5,0.2992456625033958,128,128,128,adam,0.12635070286021088,0.13422828674207796,"{'model_types': ['psc', 'pcnn2d'], 'vocab_size': 9048, 'window': 11, 'pcnn_num_layers': 2, 'embedding_dim': 43, 'psc_dim': 8421, 'rnn_hidden_state_dim': 43}",{'update_pairs': False},{'dim': 141},{'dim': 1024},"{'fingerprint_size': 2238, 'num_layers': 2, 'dim': 84}",-0.40624041437351815
4,1,"[1538, 445]",1,256,5,0.3032990150269157,128,128,128,sgd,0.011897275088709415,0.0004887799795976465,"{'model_types': ['psc', 'pcnn2d'], 'vocab_size': 9048, 'window': 11, 'pcnn_num_layers': 2, 'embedding_dim': 10, 'psc_dim': 8421, 'rnn_hidden_state_dim': 28}",{'update_pairs': False},{'dim': 110},{'dim': 1024},"{'fingerprint_size': 2238, 'num_layers': 2, 'dim': 168}",-0.40832604582153287
4,1,"[1557, 2030, 700]",1,512,5,0.38264498804869806,128,128,128,rmsprop,0.39247142424825365,0.002327718268445587,"{'model_types': ['psc', 'pcnn2d'], 'vocab_size': 9048, 'window': 11, 'pcnn_num_layers': 2, 'embedding_dim': 44, 'psc_dim': 8421, 'rnn_hidden_state_dim': 25}",{'update_pairs': False},{'dim': 284},{'dim': 1024},"{'fingerprint_size': 2238, 'num_layers': 4, 'dim': 280}",-0.41002211107326675
2,2,"[454, 979]",1,512,5,0.3337747167574482,128,128,128,sgd,0.015603382075251132,0.00032071477642638986,"{'model_types': ['psc', 'pcnn2d'], 'vocab_size': 9048, 'window': 11, 'pcnn_num_layers': 3, 'embedding_dim': 13, 'psc_dim': 8421, 'rnn_hidden_state_dim': 7}",{'update_pairs': False},{'dim': 275},{'dim': 1024},"{'fingerprint_size': 2238, 'num_layers': 2, 'dim': 428}",-0.4116415388603236
4,1,"[1557, 2030, 700]",1,512,5,0.38264498804869806,128,128,128,rmsprop,0.39247142424825365,0.002327718268445587,"{'model_types': ['psc', 'pcnn2d'], 'vocab_size': 9048, 'window': 11, 'pcnn_num_layers': 2, 'embedding_dim': 44, 'psc_dim': 8421, 'rnn_hidden_state_dim': 25}",{'update_pairs': False},{'dim': 284},{'dim': 1024},"{'fingerprint_size': 2238, 'num_layers': 4, 'dim': 280}",-0.4152974240973488
8,2,"[1277, 1735]",1,512,5,0.35820581771622007,128,128,128,rmsprop,0.0001538594734445166,0.0006687397583669559,"{'model_types': ['psc', 'pcnn2d'], 'vocab_size': 9048, 'window': 11, 'pcnn_num_layers': 1, 'embedding_dim': 25, 'psc_dim': 8421, 'rnn_hidden_state_dim': 36}",{'update_pairs': False},{'dim': 407},{'dim': 1024},"{'fingerprint_size': 2238, 'num_layers': 4, 'dim': 232}",-0.4159891259853374
2,2,"[399, 756, 888]",1,256,5,0.46163485819470385,256,128,128,adagrad,0.00938426357068771,0.0048043943445570765,"{'model_types': ['psc', 'pcnn2d'], 'vocab_size': 9048, 'window': 11, 'pcnn_num_layers': 2, 'embedding_dim': 8, 'psc_dim': 8421, 'rnn_hidden_state_dim': 27}",{'update_pairs': False},{'dim': 497},{'dim': 1024},"{'fingerprint_size': 2238, 'num_layers': 1, 'dim': 377}",-0.4187381568876388
4,1,"[1557, 2030, 700]",1,512,5,0.38264498804869806,128,128,128,rmsprop,0.39247142424825365,0.002327718268445587,"{'model_types': ['psc', 'pcnn2d'], 'vocab_size': 9048, 'window': 11, 'pcnn_num_layers': 2, 'embedding_dim': 44, 'psc_dim': 8421, 'rnn_hidden_state_dim': 25}",{'update_pairs': False},{'dim': 284},{'dim': 1024},"{'fingerprint_size': 2238, 'num_layers': 4, 'dim': 280}",-0.4214119725844743
16,2,"[1109, 71]",1,256,5,0.2534956452773003,128,128,128,adam,0.00040954161911170426,0.002082356327643187,"{'model_types': ['psc', 'pcnn2d'], 'vocab_size': 9048, 'window': 11, 'pcnn_num_layers': 3, 'embedding_dim': 24, 'psc_dim': 8421, 'rnn_hidden_state_dim': 14}",{'update_pairs': False},{'dim': 327},{'dim': 1024},"{'fingerprint_size': 2238, 'num_layers': 3, 'dim': 266}",-0.42319489122453086
16,1,"[121, 536]",1,512,5,0.27723381548004183,128,128,128,adadelta,0.09006263993650396,0.000627503293228703,"{'model_types': ['psc', 'pcnn2d'], 'vocab_size': 9048, 'window': 11, 'pcnn_num_layers': 1, 'embedding_dim': 23, 'psc_dim': 8421, 'rnn_hidden_state_dim': 49}",{'update_pairs': False},{'dim': 107},{'dim': 1024},"{'fingerprint_size': 2238, 'num_layers': 2, 'dim': 303}",-0.42569470109511376
1,2,"[659, 563]",1,256,5,0.4370753499962372,128,128,128,adam,0.0010472916235407085,0.006650868718497763,"{'model_types': ['psc', 'pcnn2d'], 'vocab_size': 9048, 'window': 11, 'pcnn_num_layers': 2, 'embedding_dim': 45, 'psc_dim': 8421, 'rnn_hidden_state_dim': 48}",{'update_pairs': False},{'dim': 369},{'dim': 1024},"{'fingerprint_size': 2238, 'num_layers': 1, 'dim': 159}",-0.42598218722407605
16,2,[246],1,256,5,0.4251979881543896,128,128,128,adamax,0.028300386771202637,0.005100811831211928,"{'model_types': ['psc', 'pcnn2d'], 'vocab_size': 9048, 'window': 11, 'pcnn_num_layers': 3, 'embedding_dim': 24, 'psc_dim': 8421, 'rnn_hidden_state_dim': 24}",{'update_pairs': False},{'dim': 226},{'dim': 1024},"{'fingerprint_size': 2238, 'num_layers': 1, 'dim': 484}",-0.4306751869899857
8,2,"[1277, 1735]",1,512,5,0.35820581771622007,128,128,128,rmsprop,0.0001538594734445166,0.0006687397583669559,"{'model_types': ['psc', 'pcnn2d'], 'vocab_size': 9048, 'window': 11, 'pcnn_num_layers': 1, 'embedding_dim': 25, 'psc_dim': 8421, 'rnn_hidden_state_dim': 36}",{'update_pairs': False},{'dim': 407},{'dim': 1024},"{'fingerprint_size': 2238, 'num_layers': 4, 'dim': 232}",-0.43146288708457226
8,2,[1800],1,512,5,0.38511610452017864,128,128,128,adagrad,0.007812948619168212,0.0015715577217597595,"{'model_types': ['psc', 'pcnn2d'], 'vocab_size': 9048, 'window': 11, 'pcnn_num_layers': 4, 'embedding_dim': 48, 'psc_dim': 8421, 'rnn_hidden_state_dim': 39}",{'update_pairs': False},{'dim': 399},{'dim': 1024},"{'fingerprint_size': 2238, 'num_layers': 2, 'dim': 433}",-0.4330020053724773
16,1,"[121, 536]",1,512,5,0.27723381548004183,128,128,128,adadelta,0.09006263993650396,0.000627503293228703,"{'model_types': ['psc', 'pcnn2d'], 'vocab_size': 9048, 'window': 11, 'pcnn_num_layers': 1, 'embedding_dim': 23, 'psc_dim': 8421, 'rnn_hidden_state_dim': 49}",{'update_pairs': False},{'dim': 107},{'dim': 1024},"{'fingerprint_size': 2238, 'num_layers': 2, 'dim': 303}",-0.43691202112092276
8,2,[1800],1,512,5,0.38511610452017864,128,128,128,adagrad,0.007812948619168212,0.0015715577217597595,"{'model_types': ['psc', 'pcnn2d'], 'vocab_size': 9048, 'window': 11, 'pcnn_num_layers': 4, 'embedding_dim': 48, 'psc_dim': 8421, 'rnn_hidden_state_dim': 39}",{'update_pairs': False},{'dim': 399},{'dim': 1024},"{'fingerprint_size': 2238, 'num_layers': 2, 'dim': 433}",-0.43850226736926273
8,2,"[501, 1278]",1,256,5,0.19735440862292658,128,128,128,adamax,0.002406780609690685,0.00015086989863234931,"{'model_types': ['psc', 'pcnn2d'], 'vocab_size': 9048, 'window': 11, 'pcnn_num_layers': 2, 'embedding_dim': 46, 'psc_dim': 8421, 'rnn_hidden_state_dim': 12}",{'update_pairs': False},{'dim': 157},{'dim': 1024},"{'fingerprint_size': 2238, 'num_layers': 3, 'dim': 258}",-0.4436080378207077
4,3,"[1745, 1649]",1,512,5,0.4639814708235811,128,128,128,adam,0.000425629951373882,0.576189808945051,"{'model_types': ['psc', 'pcnn2d'], 'vocab_size': 9048, 'window': 11, 'pcnn_num_layers': 1, 'embedding_dim': 35, 'psc_dim': 8421, 'rnn_hidden_state_dim': 6}",{'update_pairs': False},{'dim': 97},{'dim': 1024},"{'fingerprint_size': 2238, 'num_layers': 2, 'dim': 248}",-0.44544484200403855
1,2,"[1406, 660]",1,256,5,0.3123958897400943,256,128,128,adagrad,0.04946352856694378,0.0003067823813018999,"{'model_types': ['psc', 'pcnn2d'], 'vocab_size': 9048, 'window': 11, 'pcnn_num_layers': 2, 'embedding_dim': 17, 'psc_dim': 8421, 'rnn_hidden_state_dim': 31}",{'update_pairs': False},{'dim': 360},{'dim': 1024},"{'fingerprint_size': 2238, 'num_layers': 2, 'dim': 130}",-0.4485496895916819
1,2,"[134, 1495]",1,512,5,0.312363194823434,128,128,128,adam,0.6485734963256868,0.06416491594591549,"{'model_types': ['psc', 'pcnn2d'], 'vocab_size': 9048, 'window': 11, 'pcnn_num_layers': 3, 'embedding_dim': 24, 'psc_dim': 8421, 'rnn_hidden_state_dim': 27}",{'update_pairs': False},{'dim': 187},{'dim': 1024},"{'fingerprint_size': 2238, 'num_layers': 3, 'dim': 286}",-0.4524102693324632
16,1,"[121, 536]",1,512,5,0.27723381548004183,128,128,128,adadelta,0.09006263993650396,0.000627503293228703,"{'model_types': ['psc', 'pcnn2d'], 'vocab_size': 9048, 'window': 11, 'pcnn_num_layers': 1, 'embedding_dim': 23, 'psc_dim': 8421, 'rnn_hidden_state_dim': 49}",{'update_pairs': False},{'dim': 107},{'dim': 1024},"{'fingerprint_size': 2238, 'num_layers': 2, 'dim': 303}",-0.45436351922244717
1,1,"[1440, 1079]",1,256,5,0.4698922664141847,256,128,128,adamax,0.31096669736277405,0.015692122046241954,"{'model_types': ['psc', 'pcnn2d'], 'vocab_size': 9048, 'window': 11, 'pcnn_num_layers': 4, 'embedding_dim': 40, 'psc_dim': 8421, 'rnn_hidden_state_dim': 30}",{'update_pairs': False},{'dim': 385},{'dim': 1024},"{'fingerprint_size': 2238, 'num_layers': 2, 'dim': 281}",-0.4544066899553872
2,2,"[399, 756, 888]",1,256,5,0.46163485819470385,256,128,128,adagrad,0.00938426357068771,0.0048043943445570765,"{'model_types': ['psc', 'pcnn2d'], 'vocab_size': 9048, 'window': 11, 'pcnn_num_layers': 2, 'embedding_dim': 8, 'psc_dim': 8421, 'rnn_hidden_state_dim': 27}",{'update_pairs': False},{'dim': 497},{'dim': 1024},"{'fingerprint_size': 2238, 'num_layers': 1, 'dim': 377}",-0.4567241620971863
8,2,[116],1,256,5,0.2992456625033958,128,128,128,adam,0.12635070286021088,0.13422828674207796,"{'model_types': ['psc', 'pcnn2d'], 'vocab_size': 9048, 'window': 11, 'pcnn_num_layers': 2, 'embedding_dim': 43, 'psc_dim': 8421, 'rnn_hidden_state_dim': 43}",{'update_pairs': False},{'dim': 141},{'dim': 1024},"{'fingerprint_size': 2238, 'num_layers': 2, 'dim': 84}",-0.4597134329072172
1,1,[1618],1,256,5,0.2859739623178832,128,128,128,adam,0.2866460291985864,0.1370995544089041,"{'model_types': ['psc', 'pcnn2d'], 'vocab_size': 9048, 'window': 11, 'pcnn_num_layers': 4, 'embedding_dim': 48, 'psc_dim': 8421, 'rnn_hidden_state_dim': 43}",{'update_pairs': False},{'dim': 321},{'dim': 1024},"{'fingerprint_size': 2238, 'num_layers': 1, 'dim': 106}",-0.46394485813507275
1,2,"[1406, 660]",1,256,5,0.3123958897400943,256,128,128,adagrad,0.04946352856694378,0.0003067823813018999,"{'model_types': ['psc', 'pcnn2d'], 'vocab_size': 9048, 'window': 11, 'pcnn_num_layers': 2, 'embedding_dim': 17, 'psc_dim': 8421, 'rnn_hidden_state_dim': 31}",{'update_pairs': False},{'dim': 360},{'dim': 1024},"{'fingerprint_size': 2238, 'num_layers': 2, 'dim': 130}",-0.46735925105103115
16,1,"[121, 536]",1,512,5,0.27723381548004183,128,128,128,adadelta,0.09006263993650396,0.000627503293228703,"{'model_types': ['psc', 'pcnn2d'], 'vocab_size': 9048, 'window': 11, 'pcnn_num_layers': 1, 'embedding_dim': 23, 'psc_dim': 8421, 'rnn_hidden_state_dim': 49}",{'update_pairs': False},{'dim': 107},{'dim': 1024},"{'fingerprint_size': 2238, 'num_layers': 2, 'dim': 303}",-0.469783557345063
1,1,"[1440, 1079]",1,256,5,0.4698922664141847,256,128,128,adamax,0.31096669736277405,0.015692122046241954,"{'model_types': ['psc', 'pcnn2d'], 'vocab_size': 9048, 'window': 11, 'pcnn_num_layers': 4, 'embedding_dim': 40, 'psc_dim': 8421, 'rnn_hidden_state_dim': 30}",{'update_pairs': False},{'dim': 385},{'dim': 1024},"{'fingerprint_size': 2238, 'num_layers': 2, 'dim': 281}",-0.4701998682959502
1,1,[1618],1,256,5,0.2859739623178832,128,128,128,adam,0.2866460291985864,0.1370995544089041,"{'model_types': ['psc', 'pcnn2d'], 'vocab_size': 9048, 'window': 11, 'pcnn_num_layers': 4, 'embedding_dim': 48, 'psc_dim': 8421, 'rnn_hidden_state_dim': 43}",{'update_pairs': False},{'dim': 321},{'dim': 1024},"{'fingerprint_size': 2238, 'num_layers': 1, 'dim': 106}",-0.4725131703003531
1,2,"[659, 563]",1,256,5,0.4370753499962372,128,128,128,adam,0.0010472916235407085,0.006650868718497763,"{'model_types': ['psc', 'pcnn2d'], 'vocab_size': 9048, 'window': 11, 'pcnn_num_layers': 2, 'embedding_dim': 45, 'psc_dim': 8421, 'rnn_hidden_state_dim': 48}",{'update_pairs': False},{'dim': 369},{'dim': 1024},"{'fingerprint_size': 2238, 'num_layers': 1, 'dim': 159}",-0.4734235570562552
1,2,"[134, 1495]",1,512,5,0.312363194823434,128,128,128,adam,0.6485734963256868,0.06416491594591549,"{'model_types': ['psc', 'pcnn2d'], 'vocab_size': 9048, 'window': 11, 'pcnn_num_layers': 3, 'embedding_dim': 24, 'psc_dim': 8421, 'rnn_hidden_state_dim': 27}",{'update_pairs': False},{'dim': 187},{'dim': 1024},"{'fingerprint_size': 2238, 'num_layers': 3, 'dim': 286}",-0.4747329447490161
2,2,"[399, 756, 888]",1,256,5,0.46163485819470385,256,128,128,adagrad,0.00938426357068771,0.0048043943445570765,"{'model_types': ['psc', 'pcnn2d'], 'vocab_size': 9048, 'window': 11, 'pcnn_num_layers': 2, 'embedding_dim': 8, 'psc_dim': 8421, 'rnn_hidden_state_dim': 27}",{'update_pairs': False},{'dim': 497},{'dim': 1024},"{'fingerprint_size': 2238, 'num_layers': 1, 'dim': 377}",-0.47567682162374497
1,2,"[659, 563]",1,256,5,0.4370753499962372,128,128,128,adam,0.0010472916235407085,0.006650868718497763,"{'model_types': ['psc', 'pcnn2d'], 'vocab_size': 9048, 'window': 11, 'pcnn_num_layers': 2, 'embedding_dim': 45, 'psc_dim': 8421, 'rnn_hidden_state_dim': 48}",{'update_pairs': False},{'dim': 369},{'dim': 1024},"{'fingerprint_size': 2238, 'num_layers': 1, 'dim': 159}",-0.4789705446777381
16,2,"[1109, 71]",1,256,5,0.2534956452773003,128,128,128,adam,0.00040954161911170426,0.002082356327643187,"{'model_types': ['psc', 'pcnn2d'], 'vocab_size': 9048, 'window': 11, 'pcnn_num_layers': 3, 'embedding_dim': 24, 'psc_dim': 8421, 'rnn_hidden_state_dim': 14}",{'update_pairs': False},{'dim': 327},{'dim': 1024},"{'fingerprint_size': 2238, 'num_layers': 3, 'dim': 266}",-0.48070140234642256
1,1,[1618],1,256,5,0.2859739623178832,128,128,128,adam,0.2866460291985864,0.1370995544089041,"{'model_types': ['psc', 'pcnn2d'], 'vocab_size': 9048, 'window': 11, 'pcnn_num_layers': 4, 'embedding_dim': 48, 'psc_dim': 8421, 'rnn_hidden_state_dim': 43}",{'update_pairs': False},{'dim': 321},{'dim': 1024},"{'fingerprint_size': 2238, 'num_layers': 1, 'dim': 106}",-0.48295130084617965
4,3,"[93, 1028]",1,256,5,0.11518165792704577,128,128,128,adadelta,0.1851402030591615,0.23434039234453224,"{'model_types': ['psc', 'pcnn2d'], 'vocab_size': 9048, 'window': 11, 'pcnn_num_layers': 2, 'embedding_dim': 8, 'psc_dim': 8421, 'rnn_hidden_state_dim': 29}",{'update_pairs': False},{'dim': 228},{'dim': 1024},"{'fingerprint_size': 2238, 'num_layers': 4, 'dim': 219}",-0.4929445815099817
1,2,"[228, 230]",1,512,5,0.444860438789519,128,128,128,adagrad,0.0035287645230633784,0.06534266177216141,"{'model_types': ['psc', 'pcnn2d'], 'vocab_size': 9048, 'window': 11, 'pcnn_num_layers': 4, 'embedding_dim': 17, 'psc_dim': 8421, 'rnn_hidden_state_dim': 13}",{'update_pairs': False},{'dim': 288},{'dim': 1024},"{'fingerprint_size': 2238, 'num_layers': 2, 'dim': 209}",-0.4973256636461235
2,2,"[1992, 241]",1,256,5,0.3162853068004974,128,128,128,adamax,0.0004087995446724508,0.0026641572671298485,"{'model_types': ['psc', 'pcnn2d'], 'vocab_size': 9048, 'window': 11, 'pcnn_num_layers': 1, 'embedding_dim': 36, 'psc_dim': 8421, 'rnn_hidden_state_dim': 36}",{'update_pairs': False},{'dim': 501},{'dim': 1024},"{'fingerprint_size': 2238, 'num_layers': 2, 'dim': 193}",-0.49794574268666947
2,1,"[842, 211, 966]",1,512,5,0.2148044568136862,128,128,128,adamax,0.0028185808338766823,0.30527244434065115,"{'model_types': ['psc', 'pcnn2d'], 'vocab_size': 9048, 'window': 11, 'pcnn_num_layers': 1, 'embedding_dim': 39, 'psc_dim': 8421, 'rnn_hidden_state_dim': 20}",{'update_pairs': False},{'dim': 276},{'dim': 1024},"{'fingerprint_size': 2238, 'num_layers': 2, 'dim': 214}",-0.5062790846166719
2,2,"[1838, 637, 1849]",1,512,5,0.49664558582989804,128,128,128,adadelta,0.0012619364982905665,0.0014454504969140549,"{'model_types': ['psc', 'pcnn2d'], 'vocab_size': 9048, 'window': 11, 'pcnn_num_layers': 4, 'embedding_dim': 12, 'psc_dim': 8421, 'rnn_hidden_state_dim': 28}",{'update_pairs': False},{'dim': 454},{'dim': 1024},"{'fingerprint_size': 2238, 'num_layers': 3, 'dim': 307}",-0.5162627876935422
2,2,"[1838, 637, 1849]",1,512,5,0.49664558582989804,128,128,128,adadelta,0.0012619364982905665,0.0014454504969140549,"{'model_types': ['psc', 'pcnn2d'], 'vocab_size': 9048, 'window': 11, 'pcnn_num_layers': 4, 'embedding_dim': 12, 'psc_dim': 8421, 'rnn_hidden_state_dim': 28}",{'update_pairs': False},{'dim': 454},{'dim': 1024},"{'fingerprint_size': 2238, 'num_layers': 3, 'dim': 307}",-0.5306177239762302
1,2,"[449, 987]",1,256,5,0.12537815671934147,128,128,128,adagrad,0.0011813139158109887,0.030580211289033966,"{'model_types': ['psc', 'pcnn2d'], 'vocab_size': 9048, 'window': 11, 'pcnn_num_layers': 3, 'embedding_dim': 19, 'psc_dim': 8421, 'rnn_hidden_state_dim': 25}",{'update_pairs': False},{'dim': 493},{'dim': 1024},"{'fingerprint_size': 2238, 'num_layers': 4, 'dim': 417}",-0.5337145287556414
2,2,"[1838, 637, 1849]",1,512,5,0.49664558582989804,128,128,128,adadelta,0.0012619364982905665,0.0014454504969140549,"{'model_types': ['psc', 'pcnn2d'], 'vocab_size': 9048, 'window': 11, 'pcnn_num_layers': 4, 'embedding_dim': 12, 'psc_dim': 8421, 'rnn_hidden_state_dim': 28}",{'update_pairs': False},{'dim': 454},{'dim': 1024},"{'fingerprint_size': 2238, 'num_layers': 3, 'dim': 307}",-0.535400352183254
2,2,"[1838, 637, 1849]",1,512,5,0.49664558582989804,128,128,128,adadelta,0.0012619364982905665,0.0014454504969140549,"{'model_types': ['psc', 'pcnn2d'], 'vocab_size': 9048, 'window': 11, 'pcnn_num_layers': 4, 'embedding_dim': 12, 'psc_dim': 8421, 'rnn_hidden_state_dim': 28}",{'update_pairs': False},{'dim': 454},{'dim': 1024},"{'fingerprint_size': 2238, 'num_layers': 3, 'dim': 307}",-0.537236469370908
2,1,[987],1,512,5,0.3596496299207619,256,128,128,adagrad,0.004116490838982238,0.021441375554078275,"{'model_types': ['psc', 'pcnn2d'], 'vocab_size': 9048, 'window': 11, 'pcnn_num_layers': 4, 'embedding_dim': 23, 'psc_dim': 8421, 'rnn_hidden_state_dim': 25}",{'update_pairs': False},{'dim': 386},{'dim': 1024},"{'fingerprint_size': 2238, 'num_layers': 2, 'dim': 488}",-0.5457872904832712
8,2,[1800],1,512,5,0.38511610452017864,128,128,128,adagrad,0.007812948619168212,0.0015715577217597595,"{'model_types': ['psc', 'pcnn2d'], 'vocab_size': 9048, 'window': 11, 'pcnn_num_layers': 4, 'embedding_dim': 48, 'psc_dim': 8421, 'rnn_hidden_state_dim': 39}",{'update_pairs': False},{'dim': 399},{'dim': 1024},"{'fingerprint_size': 2238, 'num_layers': 2, 'dim': 433}",-0.5607360149504946
8,2,[116],1,256,5,0.2992456625033958,128,128,128,adam,0.12635070286021088,0.13422828674207796,"{'model_types': ['psc', 'pcnn2d'], 'vocab_size': 9048, 'window': 11, 'pcnn_num_layers': 2, 'embedding_dim': 43, 'psc_dim': 8421, 'rnn_hidden_state_dim': 43}",{'update_pairs': False},{'dim': 141},{'dim': 1024},"{'fingerprint_size': 2238, 'num_layers': 2, 'dim': 84}",-0.564632751150524
2,1,"[842, 211, 966]",1,512,5,0.2148044568136862,128,128,128,adamax,0.0028185808338766823,0.30527244434065115,"{'model_types': ['psc', 'pcnn2d'], 'vocab_size': 9048, 'window': 11, 'pcnn_num_layers': 1, 'embedding_dim': 39, 'psc_dim': 8421, 'rnn_hidden_state_dim': 20}",{'update_pairs': False},{'dim': 276},{'dim': 1024},"{'fingerprint_size': 2238, 'num_layers': 2, 'dim': 214}",-0.5647005601556849
16,1,"[121, 536]",1,512,5,0.27723381548004183,128,128,128,adadelta,0.09006263993650396,0.000627503293228703,"{'model_types': ['psc', 'pcnn2d'], 'vocab_size': 9048, 'window': 11, 'pcnn_num_layers': 1, 'embedding_dim': 23, 'psc_dim': 8421, 'rnn_hidden_state_dim': 49}",{'update_pairs': False},{'dim': 107},{'dim': 1024},"{'fingerprint_size': 2238, 'num_layers': 2, 'dim': 303}",-0.5690045289790993
8,2,[116],1,256,5,0.2992456625033958,128,128,128,adam,0.12635070286021088,0.13422828674207796,"{'model_types': ['psc', 'pcnn2d'], 'vocab_size': 9048, 'window': 11, 'pcnn_num_layers': 2, 'embedding_dim': 43, 'psc_dim': 8421, 'rnn_hidden_state_dim': 43}",{'update_pairs': False},{'dim': 141},{'dim': 1024},"{'fingerprint_size': 2238, 'num_layers': 2, 'dim': 84}",-0.5697759483469055
1,2,"[228, 230]",1,512,5,0.444860438789519,128,128,128,adagrad,0.0035287645230633784,0.06534266177216141,"{'model_types': ['psc', 'pcnn2d'], 'vocab_size': 9048, 'window': 11, 'pcnn_num_layers': 4, 'embedding_dim': 17, 'psc_dim': 8421, 'rnn_hidden_state_dim': 13}",{'update_pairs': False},{'dim': 288},{'dim': 1024},"{'fingerprint_size': 2238, 'num_layers': 2, 'dim': 209}",-0.5731925861273668
16,2,"[1279, 1054, 1998]",1,256,5,0.1595580874757831,128,128,128,adam,0.0021275174724803138,0.010137974895594386,"{'model_types': ['psc', 'pcnn2d'], 'vocab_size': 9048, 'window': 11, 'pcnn_num_layers': 2, 'embedding_dim': 42, 'psc_dim': 8421, 'rnn_hidden_state_dim': 5}",{'update_pairs': False},{'dim': 337},{'dim': 1024},"{'fingerprint_size': 2238, 'num_layers': 2, 'dim': 289}",-0.5737667418927205
4,3,"[1745, 1649]",1,512,5,0.4639814708235811,128,128,128,adam,0.000425629951373882,0.576189808945051,"{'model_types': ['psc', 'pcnn2d'], 'vocab_size': 9048, 'window': 11, 'pcnn_num_layers': 1, 'embedding_dim': 35, 'psc_dim': 8421, 'rnn_hidden_state_dim': 6}",{'update_pairs': False},{'dim': 97},{'dim': 1024},"{'fingerprint_size': 2238, 'num_layers': 2, 'dim': 248}",-0.5744141891312887
2,2,"[454, 979]",1,512,5,0.3337747167574482,128,128,128,sgd,0.015603382075251132,0.00032071477642638986,"{'model_types': ['psc', 'pcnn2d'], 'vocab_size': 9048, 'window': 11, 'pcnn_num_layers': 3, 'embedding_dim': 13, 'psc_dim': 8421, 'rnn_hidden_state_dim': 7}",{'update_pairs': False},{'dim': 275},{'dim': 1024},"{'fingerprint_size': 2238, 'num_layers': 2, 'dim': 428}",-0.5758130224312115
1,2,"[228, 230]",1,512,5,0.444860438789519,128,128,128,adagrad,0.0035287645230633784,0.06534266177216141,"{'model_types': ['psc', 'pcnn2d'], 'vocab_size': 9048, 'window': 11, 'pcnn_num_layers': 4, 'embedding_dim': 17, 'psc_dim': 8421, 'rnn_hidden_state_dim': 13}",{'update_pairs': False},{'dim': 288},{'dim': 1024},"{'fingerprint_size': 2238, 'num_layers': 2, 'dim': 209}",-0.5758538681113023
1,1,[1618],1,256,5,0.2859739623178832,128,128,128,adam,0.2866460291985864,0.1370995544089041,"{'model_types': ['psc', 'pcnn2d'], 'vocab_size': 9048, 'window': 11, 'pcnn_num_layers': 4, 'embedding_dim': 48, 'psc_dim': 8421, 'rnn_hidden_state_dim': 43}",{'update_pairs': False},{'dim': 321},{'dim': 1024},"{'fingerprint_size': 2238, 'num_layers': 1, 'dim': 106}",-0.5760442004947036
1,3,"[1124, 1085]",1,512,5,0.31251457486747647,128,128,128,adam,0.00019371511333223188,0.017276706695150357,"{'model_types': ['psc', 'pcnn2d'], 'vocab_size': 9048, 'window': 11, 'pcnn_num_layers': 2, 'embedding_dim': 32, 'psc_dim': 8421, 'rnn_hidden_state_dim': 8}",{'update_pairs': False},{'dim': 348},{'dim': 1024},"{'fingerprint_size': 2238, 'num_layers': 3, 'dim': 304}",-0.5783598364293873
2,1,"[842, 211, 966]",1,512,5,0.2148044568136862,128,128,128,adamax,0.0028185808338766823,0.30527244434065115,"{'model_types': ['psc', 'pcnn2d'], 'vocab_size': 9048, 'window': 11, 'pcnn_num_layers': 1, 'embedding_dim': 39, 'psc_dim': 8421, 'rnn_hidden_state_dim': 20}",{'update_pairs': False},{'dim': 276},{'dim': 1024},"{'fingerprint_size': 2238, 'num_layers': 2, 'dim': 214}",-0.5838929448084642
1,2,"[228, 230]",1,512,5,0.444860438789519,128,128,128,adagrad,0.0035287645230633784,0.06534266177216141,"{'model_types': ['psc', 'pcnn2d'], 'vocab_size': 9048, 'window': 11, 'pcnn_num_layers': 4, 'embedding_dim': 17, 'psc_dim': 8421, 'rnn_hidden_state_dim': 13}",{'update_pairs': False},{'dim': 288},{'dim': 1024},"{'fingerprint_size': 2238, 'num_layers': 2, 'dim': 209}",-0.5848962382462503
1,3,"[1124, 1085]",1,512,5,0.31251457486747647,128,128,128,adam,0.00019371511333223188,0.017276706695150357,"{'model_types': ['psc', 'pcnn2d'], 'vocab_size': 9048, 'window': 11, 'pcnn_num_layers': 2, 'embedding_dim': 32, 'psc_dim': 8421, 'rnn_hidden_state_dim': 8}",{'update_pairs': False},{'dim': 348},{'dim': 1024},"{'fingerprint_size': 2238, 'num_layers': 3, 'dim': 304}",-0.5879990299568972
1,2,"[449, 987]",1,256,5,0.12537815671934147,128,128,128,adagrad,0.0011813139158109887,0.030580211289033966,"{'model_types': ['psc', 'pcnn2d'], 'vocab_size': 9048, 'window': 11, 'pcnn_num_layers': 3, 'embedding_dim': 19, 'psc_dim': 8421, 'rnn_hidden_state_dim': 25}",{'update_pairs': False},{'dim': 493},{'dim': 1024},"{'fingerprint_size': 2238, 'num_layers': 4, 'dim': 417}",-0.5885047441468609
1,3,"[1124, 1085]",1,512,5,0.31251457486747647,128,128,128,adam,0.00019371511333223188,0.017276706695150357,"{'model_types': ['psc', 'pcnn2d'], 'vocab_size': 9048, 'window': 11, 'pcnn_num_layers': 2, 'embedding_dim': 32, 'psc_dim': 8421, 'rnn_hidden_state_dim': 8}",{'update_pairs': False},{'dim': 348},{'dim': 1024},"{'fingerprint_size': 2238, 'num_layers': 3, 'dim': 304}",-0.589945907431119
2,3,"[1814, 1821]",1,256,5,0.16574647816870425,128,128,128,adamax,0.021531802326137713,0.0005254621750601765,"{'model_types': ['psc', 'pcnn2d'], 'vocab_size': 9048, 'window': 11, 'pcnn_num_layers': 2, 'embedding_dim': 37, 'psc_dim': 8421, 'rnn_hidden_state_dim': 15}",{'update_pairs': False},{'dim': 419},{'dim': 1024},"{'fingerprint_size': 2238, 'num_layers': 4, 'dim': 105}",-0.5929612287470518
2,1,"[842, 211, 966]",1,512,5,0.2148044568136862,128,128,128,adamax,0.0028185808338766823,0.30527244434065115,"{'model_types': ['psc', 'pcnn2d'], 'vocab_size': 9048, 'window': 11, 'pcnn_num_layers': 1, 'embedding_dim': 39, 'psc_dim': 8421, 'rnn_hidden_state_dim': 20}",{'update_pairs': False},{'dim': 276},{'dim': 1024},"{'fingerprint_size': 2238, 'num_layers': 2, 'dim': 214}",-0.5941298571456327
4,3,"[93, 1028]",1,256,5,0.11518165792704577,128,128,128,adadelta,0.1851402030591615,0.23434039234453224,"{'model_types': ['psc', 'pcnn2d'], 'vocab_size': 9048, 'window': 11, 'pcnn_num_layers': 2, 'embedding_dim': 8, 'psc_dim': 8421, 'rnn_hidden_state_dim': 29}",{'update_pairs': False},{'dim': 228},{'dim': 1024},"{'fingerprint_size': 2238, 'num_layers': 4, 'dim': 219}",-0.5993743815253503
1,1,[1618],1,256,5,0.2859739623178832,128,128,128,adam,0.2866460291985864,0.1370995544089041,"{'model_types': ['psc', 'pcnn2d'], 'vocab_size': 9048, 'window': 11, 'pcnn_num_layers': 4, 'embedding_dim': 48, 'psc_dim': 8421, 'rnn_hidden_state_dim': 43}",{'update_pairs': False},{'dim': 321},{'dim': 1024},"{'fingerprint_size': 2238, 'num_layers': 1, 'dim': 106}",-0.6000991251006645
1,3,"[1124, 1085]",1,512,5,0.31251457486747647,128,128,128,adam,0.00019371511333223188,0.017276706695150357,"{'model_types': ['psc', 'pcnn2d'], 'vocab_size': 9048, 'window': 11, 'pcnn_num_layers': 2, 'embedding_dim': 32, 'psc_dim': 8421, 'rnn_hidden_state_dim': 8}",{'update_pairs': False},{'dim': 348},{'dim': 1024},"{'fingerprint_size': 2238, 'num_layers': 3, 'dim': 304}",-0.6040280351435154
1,2,"[449, 987]",1,256,5,0.12537815671934147,128,128,128,adagrad,0.0011813139158109887,0.030580211289033966,"{'model_types': ['psc', 'pcnn2d'], 'vocab_size': 9048, 'window': 11, 'pcnn_num_layers': 3, 'embedding_dim': 19, 'psc_dim': 8421, 'rnn_hidden_state_dim': 25}",{'update_pairs': False},{'dim': 493},{'dim': 1024},"{'fingerprint_size': 2238, 'num_layers': 4, 'dim': 417}",-0.6063290504301571
8,1,"[1902, 2014, 1731]",1,512,5,0.3128294924030026,128,128,128,adam,0.005455951919769396,0.006889127998816375,"{'model_types': ['psc', 'pcnn2d'], 'vocab_size': 9048, 'window': 11, 'pcnn_num_layers': 1, 'embedding_dim': 41, 'psc_dim': 8421, 'rnn_hidden_state_dim': 5}",{'update_pairs': False},{'dim': 210},{'dim': 1024},"{'fingerprint_size': 2238, 'num_layers': 4, 'dim': 217}",-0.6116309668230554
1,2,"[228, 230]",1,512,5,0.444860438789519,128,128,128,adagrad,0.0035287645230633784,0.06534266177216141,"{'model_types': ['psc', 'pcnn2d'], 'vocab_size': 9048, 'window': 11, 'pcnn_num_layers': 4, 'embedding_dim': 17, 'psc_dim': 8421, 'rnn_hidden_state_dim': 13}",{'update_pairs': False},{'dim': 288},{'dim': 1024},"{'fingerprint_size': 2238, 'num_layers': 2, 'dim': 209}",-0.6152535425827732
1,2,"[659, 563]",1,256,5,0.4370753499962372,128,128,128,adam,0.0010472916235407085,0.006650868718497763,"{'model_types': ['psc', 'pcnn2d'], 'vocab_size': 9048, 'window': 11, 'pcnn_num_layers': 2, 'embedding_dim': 45, 'psc_dim': 8421, 'rnn_hidden_state_dim': 48}",{'update_pairs': False},{'dim': 369},{'dim': 1024},"{'fingerprint_size': 2238, 'num_layers': 1, 'dim': 159}",-0.6162876151002417
2,1,"[842, 211, 966]",1,512,5,0.2148044568136862,128,128,128,adamax,0.0028185808338766823,0.30527244434065115,"{'model_types': ['psc', 'pcnn2d'], 'vocab_size': 9048, 'window': 11, 'pcnn_num_layers': 1, 'embedding_dim': 39, 'psc_dim': 8421, 'rnn_hidden_state_dim': 20}",{'update_pairs': False},{'dim': 276},{'dim': 1024},"{'fingerprint_size': 2238, 'num_layers': 2, 'dim': 214}",-0.6251385641264704
1,2,"[659, 563]",1,256,5,0.4370753499962372,128,128,128,adam,0.0010472916235407085,0.006650868718497763,"{'model_types': ['psc', 'pcnn2d'], 'vocab_size': 9048, 'window': 11, 'pcnn_num_layers': 2, 'embedding_dim': 45, 'psc_dim': 8421, 'rnn_hidden_state_dim': 48}",{'update_pairs': False},{'dim': 369},{'dim': 1024},"{'fingerprint_size': 2238, 'num_layers': 1, 'dim': 159}",-0.6265111416946397
1,3,"[1124, 1085]",1,512,5,0.31251457486747647,128,128,128,adam,0.00019371511333223188,0.017276706695150357,"{'model_types': ['psc', 'pcnn2d'], 'vocab_size': 9048, 'window': 11, 'pcnn_num_layers': 2, 'embedding_dim': 32, 'psc_dim': 8421, 'rnn_hidden_state_dim': 8}",{'update_pairs': False},{'dim': 348},{'dim': 1024},"{'fingerprint_size': 2238, 'num_layers': 3, 'dim': 304}",-0.6271525528253451
4,3,"[93, 1028]",1,256,5,0.11518165792704577,128,128,128,adadelta,0.1851402030591615,0.23434039234453224,"{'model_types': ['psc', 'pcnn2d'], 'vocab_size': 9048, 'window': 11, 'pcnn_num_layers': 2, 'embedding_dim': 8, 'psc_dim': 8421, 'rnn_hidden_state_dim': 29}",{'update_pairs': False},{'dim': 228},{'dim': 1024},"{'fingerprint_size': 2238, 'num_layers': 4, 'dim': 219}",-0.6292600414381926
1,2,"[449, 987]",1,256,5,0.12537815671934147,128,128,128,adagrad,0.0011813139158109887,0.030580211289033966,"{'model_types': ['psc', 'pcnn2d'], 'vocab_size': 9048, 'window': 11, 'pcnn_num_layers': 3, 'embedding_dim': 19, 'psc_dim': 8421, 'rnn_hidden_state_dim': 25}",{'update_pairs': False},{'dim': 493},{'dim': 1024},"{'fingerprint_size': 2238, 'num_layers': 4, 'dim': 417}",-0.638957471135973
8,1,[1105],1,256,5,0.30978684812034485,256,128,128,rmsprop,0.054407669602740356,0.00025811132649382774,"{'model_types': ['psc', 'pcnn2d'], 'vocab_size': 9048, 'window': 11, 'pcnn_num_layers': 2, 'embedding_dim': 44, 'psc_dim': 8421, 'rnn_hidden_state_dim': 23}",{'update_pairs': False},{'dim': 483},{'dim': 1024},"{'fingerprint_size': 2238, 'num_layers': 2, 'dim': 233}",-0.6579980293568336
2,3,"[1814, 1821]",1,256,5,0.16574647816870425,128,128,128,adamax,0.021531802326137713,0.0005254621750601765,"{'model_types': ['psc', 'pcnn2d'], 'vocab_size': 9048, 'window': 11, 'pcnn_num_layers': 2, 'embedding_dim': 37, 'psc_dim': 8421, 'rnn_hidden_state_dim': 15}",{'update_pairs': False},{'dim': 419},{'dim': 1024},"{'fingerprint_size': 2238, 'num_layers': 4, 'dim': 105}",-0.6601167260679534
8,1,"[1933, 818]",1,512,5,0.2205441981639574,256,128,128,sgd,0.020631733668954533,0.00010865056469534695,"{'model_types': ['psc', 'pcnn2d'], 'vocab_size': 9048, 'window': 11, 'pcnn_num_layers': 3, 'embedding_dim': 26, 'psc_dim': 8421, 'rnn_hidden_state_dim': 39}",{'update_pairs': False},{'dim': 273},{'dim': 1024},"{'fingerprint_size': 2238, 'num_layers': 2, 'dim': 437}",-0.6795021511929793
8,1,[1105],1,256,5,0.30978684812034485,256,128,128,rmsprop,0.054407669602740356,0.00025811132649382774,"{'model_types': ['psc', 'pcnn2d'], 'vocab_size': 9048, 'window': 11, 'pcnn_num_layers': 2, 'embedding_dim': 44, 'psc_dim': 8421, 'rnn_hidden_state_dim': 23}",{'update_pairs': False},{'dim': 483},{'dim': 1024},"{'fingerprint_size': 2238, 'num_layers': 2, 'dim': 233}",-0.6818661525122548
1,2,"[1406, 660]",1,256,5,0.3123958897400943,256,128,128,adagrad,0.04946352856694378,0.0003067823813018999,"{'model_types': ['psc', 'pcnn2d'], 'vocab_size': 9048, 'window': 11, 'pcnn_num_layers': 2, 'embedding_dim': 17, 'psc_dim': 8421, 'rnn_hidden_state_dim': 31}",{'update_pairs': False},{'dim': 360},{'dim': 1024},"{'fingerprint_size': 2238, 'num_layers': 2, 'dim': 130}",-0.6945534428254302
8,1,"[1933, 818]",1,512,5,0.2205441981639574,256,128,128,sgd,0.020631733668954533,0.00010865056469534695,"{'model_types': ['psc', 'pcnn2d'], 'vocab_size': 9048, 'window': 11, 'pcnn_num_layers': 3, 'embedding_dim': 26, 'psc_dim': 8421, 'rnn_hidden_state_dim': 39}",{'update_pairs': False},{'dim': 273},{'dim': 1024},"{'fingerprint_size': 2238, 'num_layers': 2, 'dim': 437}",-0.6979234675802478
2,3,"[1814, 1821]",1,256,5,0.16574647816870425,128,128,128,adamax,0.021531802326137713,0.0005254621750601765,"{'model_types': ['psc', 'pcnn2d'], 'vocab_size': 9048, 'window': 11, 'pcnn_num_layers': 2, 'embedding_dim': 37, 'psc_dim': 8421, 'rnn_hidden_state_dim': 15}",{'update_pairs': False},{'dim': 419},{'dim': 1024},"{'fingerprint_size': 2238, 'num_layers': 4, 'dim': 105}",-0.706256377578709
1,2,"[449, 987]",1,256,5,0.12537815671934147,128,128,128,adagrad,0.0011813139158109887,0.030580211289033966,"{'model_types': ['psc', 'pcnn2d'], 'vocab_size': 9048, 'window': 11, 'pcnn_num_layers': 3, 'embedding_dim': 19, 'psc_dim': 8421, 'rnn_hidden_state_dim': 25}",{'update_pairs': False},{'dim': 493},{'dim': 1024},"{'fingerprint_size': 2238, 'num_layers': 4, 'dim': 417}",-0.7076686214017505
8,2,"[1277, 1735]",1,512,5,0.35820581771622007,128,128,128,rmsprop,0.0001538594734445166,0.0006687397583669559,"{'model_types': ['psc', 'pcnn2d'], 'vocab_size': 9048, 'window': 11, 'pcnn_num_layers': 1, 'embedding_dim': 25, 'psc_dim': 8421, 'rnn_hidden_state_dim': 36}",{'update_pairs': False},{'dim': 407},{'dim': 1024},"{'fingerprint_size': 2238, 'num_layers': 4, 'dim': 232}",-0.7130657643978616
8,1,"[1933, 818]",1,512,5,0.2205441981639574,256,128,128,sgd,0.020631733668954533,0.00010865056469534695,"{'model_types': ['psc', 'pcnn2d'], 'vocab_size': 9048, 'window': 11, 'pcnn_num_layers': 3, 'embedding_dim': 26, 'psc_dim': 8421, 'rnn_hidden_state_dim': 39}",{'update_pairs': False},{'dim': 273},{'dim': 1024},"{'fingerprint_size': 2238, 'num_layers': 2, 'dim': 437}",-0.7292230971608942
16,1,"[1935, 273]",1,256,5,0.2918782771530311,128,128,128,adamax,0.04628120924126378,0.03220844598644715,"{'model_types': ['psc', 'pcnn2d'], 'vocab_size': 9048, 'window': 11, 'pcnn_num_layers': 2, 'embedding_dim': 17, 'psc_dim': 8421, 'rnn_hidden_state_dim': 27}",{'update_pairs': False},{'dim': 394},{'dim': 1024},"{'fingerprint_size': 2238, 'num_layers': 3, 'dim': 429}",-0.7308643790807021
8,1,[1105],1,256,5,0.30978684812034485,256,128,128,rmsprop,0.054407669602740356,0.00025811132649382774,"{'model_types': ['psc', 'pcnn2d'], 'vocab_size': 9048, 'window': 11, 'pcnn_num_layers': 2, 'embedding_dim': 44, 'psc_dim': 8421, 'rnn_hidden_state_dim': 23}",{'update_pairs': False},{'dim': 483},{'dim': 1024},"{'fingerprint_size': 2238, 'num_layers': 2, 'dim': 233}",-0.7615604438359971
8,3,[1228],1,256,5,0.11248389314157967,128,128,128,adamax,0.0005731147865194533,0.005775724476259246,"{'model_types': ['psc', 'pcnn2d'], 'vocab_size': 9048, 'window': 11, 'pcnn_num_layers': 3, 'embedding_dim': 31, 'psc_dim': 8421, 'rnn_hidden_state_dim': 41}",{'update_pairs': False},{'dim': 480},{'dim': 1024},"{'fingerprint_size': 2238, 'num_layers': 3, 'dim': 384}",-0.7636652713398698
8,1,"[1203, 535]",1,512,5,0.23111383912527814,256,128,128,rmsprop,0.5448727484503313,0.00014510835218625175,"{'model_types': ['psc', 'pcnn2d'], 'vocab_size': 9048, 'window': 11, 'pcnn_num_layers': 2, 'embedding_dim': 10, 'psc_dim': 8421, 'rnn_hidden_state_dim': 6}",{'update_pairs': False},{'dim': 200},{'dim': 1024},"{'fingerprint_size': 2238, 'num_layers': 4, 'dim': 305}",-0.824448000711038
2,3,"[1814, 1821]",1,256,5,0.16574647816870425,128,128,128,adamax,0.021531802326137713,0.0005254621750601765,"{'model_types': ['psc', 'pcnn2d'], 'vocab_size': 9048, 'window': 11, 'pcnn_num_layers': 2, 'embedding_dim': 37, 'psc_dim': 8421, 'rnn_hidden_state_dim': 15}",{'update_pairs': False},{'dim': 419},{'dim': 1024},"{'fingerprint_size': 2238, 'num_layers': 4, 'dim': 105}",-0.8386495219693281
8,2,"[1050, 954]",1,256,5,0.39624029146569717,128,128,128,rmsprop,0.021462094473898397,0.08692959048255407,"{'model_types': ['psc', 'pcnn2d'], 'vocab_size': 9048, 'window': 11, 'pcnn_num_layers': 3, 'embedding_dim': 12, 'psc_dim': 8421, 'rnn_hidden_state_dim': 20}",{'update_pairs': False},{'dim': 259},{'dim': 1024},"{'fingerprint_size': 2238, 'num_layers': 3, 'dim': 155}",-0.8781417258444735
8,1,"[1933, 818]",1,512,5,0.2205441981639574,256,128,128,sgd,0.020631733668954533,0.00010865056469534695,"{'model_types': ['psc', 'pcnn2d'], 'vocab_size': 9048, 'window': 11, 'pcnn_num_layers': 3, 'embedding_dim': 26, 'psc_dim': 8421, 'rnn_hidden_state_dim': 39}",{'update_pairs': False},{'dim': 273},{'dim': 1024},"{'fingerprint_size': 2238, 'num_layers': 2, 'dim': 437}",-0.9285932078364819
4,3,"[93, 1028]",1,256,5,0.11518165792704577,128,128,128,adadelta,0.1851402030591615,0.23434039234453224,"{'model_types': ['psc', 'pcnn2d'], 'vocab_size': 9048, 'window': 11, 'pcnn_num_layers': 2, 'embedding_dim': 8, 'psc_dim': 8421, 'rnn_hidden_state_dim': 29}",{'update_pairs': False},{'dim': 228},{'dim': 1024},"{'fingerprint_size': 2238, 'num_layers': 4, 'dim': 219}",-0.9708424968155741
1,1,"[1684, 902]",1,512,5,0.26077004528842773,256,128,128,rmsprop,0.0003855659884711411,0.06398993314856623,"{'model_types': ['psc', 'pcnn2d'], 'vocab_size': 9048, 'window': 11, 'pcnn_num_layers': 2, 'embedding_dim': 42, 'psc_dim': 8421, 'rnn_hidden_state_dim': 6}",{'update_pairs': False},{'dim': 222},{'dim': 1024},"{'fingerprint_size': 2238, 'num_layers': 2, 'dim': 456}",-0.9793950667296478
4,1,"[1557, 2030, 700]",1,512,5,0.38264498804869806,128,128,128,rmsprop,0.39247142424825365,0.002327718268445587,"{'model_types': ['psc', 'pcnn2d'], 'vocab_size': 9048, 'window': 11, 'pcnn_num_layers': 2, 'embedding_dim': 44, 'psc_dim': 8421, 'rnn_hidden_state_dim': 25}",{'update_pairs': False},{'dim': 284},{'dim': 1024},"{'fingerprint_size': 2238, 'num_layers': 4, 'dim': 280}",-1.0752217436877793
2,3,"[1814, 1821]",1,256,5,0.16574647816870425,128,128,128,adamax,0.021531802326137713,0.0005254621750601765,"{'model_types': ['psc', 'pcnn2d'], 'vocab_size': 9048, 'window': 11, 'pcnn_num_layers': 2, 'embedding_dim': 37, 'psc_dim': 8421, 'rnn_hidden_state_dim': 15}",{'update_pairs': False},{'dim': 419},{'dim': 1024},"{'fingerprint_size': 2238, 'num_layers': 4, 'dim': 105}",-1.2409664419831277
8,1,"[554, 268]",1,256,5,0.3280869148513462,256,128,128,rmsprop,0.35076898398505985,0.00015011281023868145,"{'model_types': ['psc', 'pcnn2d'], 'vocab_size': 9048, 'window': 11, 'pcnn_num_layers': 2, 'embedding_dim': 32, 'psc_dim': 8421, 'rnn_hidden_state_dim': 43}",{'update_pairs': False},{'dim': 152},{'dim': 1024},"{'fingerprint_size': 2238, 'num_layers': 4, 'dim': 211}",-1.3249469809157504
8,1,[886],1,512,5,0.35506898323962754,128,128,128,rmsprop,0.10171793007046828,0.26850379189616325,"{'model_types': ['psc', 'pcnn2d'], 'vocab_size': 9048, 'window': 11, 'pcnn_num_layers': 4, 'embedding_dim': 48, 'psc_dim': 8421, 'rnn_hidden_state_dim': 8}",{'update_pairs': False},{'dim': 148},{'dim': 1024},"{'fingerprint_size': 2238, 'num_layers': 2, 'dim': 145}",-1.4065242237581763
8,1,"[554, 268]",1,256,5,0.3280869148513462,256,128,128,rmsprop,0.35076898398505985,0.00015011281023868145,"{'model_types': ['psc', 'pcnn2d'], 'vocab_size': 9048, 'window': 11, 'pcnn_num_layers': 2, 'embedding_dim': 32, 'psc_dim': 8421, 'rnn_hidden_state_dim': 43}",{'update_pairs': False},{'dim': 152},{'dim': 1024},"{'fingerprint_size': 2238, 'num_layers': 4, 'dim': 211}",-1.4097948764066186
2,2,"[400, 567, 1875]",1,256,5,0.22976772325308667,128,128,128,adagrad,0.011554954744475328,0.7315190830897936,"{'model_types': ['psc', 'pcnn2d'], 'vocab_size': 9048, 'window': 11, 'pcnn_num_layers': 2, 'embedding_dim': 12, 'psc_dim': 8421, 'rnn_hidden_state_dim': 16}",{'update_pairs': False},{'dim': 499},{'dim': 1024},"{'fingerprint_size': 2238, 'num_layers': 4, 'dim': 411}",-1.4299710563116543
2,2,"[400, 567, 1875]",1,256,5,0.22976772325308667,128,128,128,adagrad,0.011554954744475328,0.7315190830897936,"{'model_types': ['psc', 'pcnn2d'], 'vocab_size': 9048, 'window': 11, 'pcnn_num_layers': 2, 'embedding_dim': 12, 'psc_dim': 8421, 'rnn_hidden_state_dim': 16}",{'update_pairs': False},{'dim': 499},{'dim': 1024},"{'fingerprint_size': 2238, 'num_layers': 4, 'dim': 411}",-1.8312764248973985
4,3,"[1745, 1649]",1,512,5,0.4639814708235811,128,128,128,adam,0.000425629951373882,0.576189808945051,"{'model_types': ['psc', 'pcnn2d'], 'vocab_size': 9048, 'window': 11, 'pcnn_num_layers': 1, 'embedding_dim': 35, 'psc_dim': 8421, 'rnn_hidden_state_dim': 6}",{'update_pairs': False},{'dim': 97},{'dim': 1024},"{'fingerprint_size': 2238, 'num_layers': 2, 'dim': 248}",-1.871396802032236
8,1,"[554, 268]",1,256,5,0.3280869148513462,256,128,128,rmsprop,0.35076898398505985,0.00015011281023868145,"{'model_types': ['psc', 'pcnn2d'], 'vocab_size': 9048, 'window': 11, 'pcnn_num_layers': 2, 'embedding_dim': 32, 'psc_dim': 8421, 'rnn_hidden_state_dim': 43}",{'update_pairs': False},{'dim': 152},{'dim': 1024},"{'fingerprint_size': 2238, 'num_layers': 4, 'dim': 211}",-1.9108629919777687
8,2,"[1050, 954]",1,256,5,0.39624029146569717,128,128,128,rmsprop,0.021462094473898397,0.08692959048255407,"{'model_types': ['psc', 'pcnn2d'], 'vocab_size': 9048, 'window': 11, 'pcnn_num_layers': 3, 'embedding_dim': 12, 'psc_dim': 8421, 'rnn_hidden_state_dim': 20}",{'update_pairs': False},{'dim': 259},{'dim': 1024},"{'fingerprint_size': 2238, 'num_layers': 3, 'dim': 155}",-1.9641886694914916
8,2,"[1050, 954]",1,256,5,0.39624029146569717,128,128,128,rmsprop,0.021462094473898397,0.08692959048255407,"{'model_types': ['psc', 'pcnn2d'], 'vocab_size': 9048, 'window': 11, 'pcnn_num_layers': 3, 'embedding_dim': 12, 'psc_dim': 8421, 'rnn_hidden_state_dim': 20}",{'update_pairs': False},{'dim': 259},{'dim': 1024},"{'fingerprint_size': 2238, 'num_layers': 3, 'dim': 155}",-2.067279859289734
1,1,"[1428, 1490, 319]",1,512,5,0.12516366741444074,256,128,128,sgd,0.033037136324032,0.024909579268967003,"{'model_types': ['psc', 'pcnn2d'], 'vocab_size': 9048, 'window': 11, 'pcnn_num_layers': 2, 'embedding_dim': 7, 'psc_dim': 8421, 'rnn_hidden_state_dim': 35}",{'update_pairs': False},{'dim': 356},{'dim': 1024},"{'fingerprint_size': 2238, 'num_layers': 3, 'dim': 329}",-2.0679575207181173
2,2,"[400, 567, 1875]",1,256,5,0.22976772325308667,128,128,128,adagrad,0.011554954744475328,0.7315190830897936,"{'model_types': ['psc', 'pcnn2d'], 'vocab_size': 9048, 'window': 11, 'pcnn_num_layers': 2, 'embedding_dim': 12, 'psc_dim': 8421, 'rnn_hidden_state_dim': 16}",{'update_pairs': False},{'dim': 499},{'dim': 1024},"{'fingerprint_size': 2238, 'num_layers': 4, 'dim': 411}",-2.259601846688527
8,1,"[1203, 535]",1,512,5,0.23111383912527814,256,128,128,rmsprop,0.5448727484503313,0.00014510835218625175,"{'model_types': ['psc', 'pcnn2d'], 'vocab_size': 9048, 'window': 11, 'pcnn_num_layers': 2, 'embedding_dim': 10, 'psc_dim': 8421, 'rnn_hidden_state_dim': 6}",{'update_pairs': False},{'dim': 200},{'dim': 1024},"{'fingerprint_size': 2238, 'num_layers': 4, 'dim': 305}",-2.4262800255460926
1,1,"[1428, 1490, 319]",1,512,5,0.12516366741444074,256,128,128,sgd,0.033037136324032,0.024909579268967003,"{'model_types': ['psc', 'pcnn2d'], 'vocab_size': 9048, 'window': 11, 'pcnn_num_layers': 2, 'embedding_dim': 7, 'psc_dim': 8421, 'rnn_hidden_state_dim': 35}",{'update_pairs': False},{'dim': 356},{'dim': 1024},"{'fingerprint_size': 2238, 'num_layers': 3, 'dim': 329}",-2.549666784650791
1,1,"[1684, 902]",1,512,5,0.26077004528842773,256,128,128,rmsprop,0.0003855659884711411,0.06398993314856623,"{'model_types': ['psc', 'pcnn2d'], 'vocab_size': 9048, 'window': 11, 'pcnn_num_layers': 2, 'embedding_dim': 42, 'psc_dim': 8421, 'rnn_hidden_state_dim': 6}",{'update_pairs': False},{'dim': 222},{'dim': 1024},"{'fingerprint_size': 2238, 'num_layers': 2, 'dim': 456}",-2.648139098051898
1,1,"[1428, 1490, 319]",1,512,5,0.12516366741444074,256,128,128,sgd,0.033037136324032,0.024909579268967003,"{'model_types': ['psc', 'pcnn2d'], 'vocab_size': 9048, 'window': 11, 'pcnn_num_layers': 2, 'embedding_dim': 7, 'psc_dim': 8421, 'rnn_hidden_state_dim': 35}",{'update_pairs': False},{'dim': 356},{'dim': 1024},"{'fingerprint_size': 2238, 'num_layers': 3, 'dim': 329}",-2.9904244799923307
1,1,"[1428, 1490, 319]",1,512,5,0.12516366741444074,256,128,128,sgd,0.033037136324032,0.024909579268967003,"{'model_types': ['psc', 'pcnn2d'], 'vocab_size': 9048, 'window': 11, 'pcnn_num_layers': 2, 'embedding_dim': 7, 'psc_dim': 8421, 'rnn_hidden_state_dim': 35}",{'update_pairs': False},{'dim': 356},{'dim': 1024},"{'fingerprint_size': 2238, 'num_layers': 3, 'dim': 329}",-3.2537889404222837
1,1,"[1428, 1490, 319]",1,512,5,0.12516366741444074,256,128,128,sgd,0.033037136324032,0.024909579268967003,"{'model_types': ['psc', 'pcnn2d'], 'vocab_size': 9048, 'window': 11, 'pcnn_num_layers': 2, 'embedding_dim': 7, 'psc_dim': 8421, 'rnn_hidden_state_dim': 35}",{'update_pairs': False},{'dim': 356},{'dim': 1024},"{'fingerprint_size': 2238, 'num_layers': 3, 'dim': 329}",-4.167924300820388
8,2,"[1050, 954]",1,256,5,0.39624029146569717,128,128,128,rmsprop,0.021462094473898397,0.08692959048255407,"{'model_types': ['psc', 'pcnn2d'], 'vocab_size': 9048, 'window': 11, 'pcnn_num_layers': 3, 'embedding_dim': 12, 'psc_dim': 8421, 'rnn_hidden_state_dim': 20}",{'update_pairs': False},{'dim': 259},{'dim': 1024},"{'fingerprint_size': 2238, 'num_layers': 3, 'dim': 155}",-4.391597663097361
2,2,"[400, 567, 1875]",1,256,5,0.22976772325308667,128,128,128,adagrad,0.011554954744475328,0.7315190830897936,"{'model_types': ['psc', 'pcnn2d'], 'vocab_size': 9048, 'window': 11, 'pcnn_num_layers': 2, 'embedding_dim': 12, 'psc_dim': 8421, 'rnn_hidden_state_dim': 16}",{'update_pairs': False},{'dim': 499},{'dim': 1024},"{'fingerprint_size': 2238, 'num_layers': 4, 'dim': 411}",-4.975748660811945
2,2,"[400, 567, 1875]",1,256,5,0.22976772325308667,128,128,128,adagrad,0.011554954744475328,0.7315190830897936,"{'model_types': ['psc', 'pcnn2d'], 'vocab_size': 9048, 'window': 11, 'pcnn_num_layers': 2, 'embedding_dim': 12, 'psc_dim': 8421, 'rnn_hidden_state_dim': 16}",{'update_pairs': False},{'dim': 499},{'dim': 1024},"{'fingerprint_size': 2238, 'num_layers': 4, 'dim': 411}",-5.223728857696704
8,3,[525],1,256,5,0.17289826893255644,128,128,128,rmsprop,0.002142435655913873,0.33832708700374914,"{'model_types': ['psc', 'pcnn2d'], 'vocab_size': 9048, 'window': 11, 'pcnn_num_layers': 4, 'embedding_dim': 19, 'psc_dim': 8421, 'rnn_hidden_state_dim': 32}",{'update_pairs': False},{'dim': 256},{'dim': 1024},"{'fingerprint_size': 2238, 'num_layers': 3, 'dim': 212}",-6.234659900576982
1,1,"[1684, 902]",1,512,5,0.26077004528842773,256,128,128,rmsprop,0.0003855659884711411,0.06398993314856623,"{'model_types': ['psc', 'pcnn2d'], 'vocab_size': 9048, 'window': 11, 'pcnn_num_layers': 2, 'embedding_dim': 42, 'psc_dim': 8421, 'rnn_hidden_state_dim': 6}",{'update_pairs': False},{'dim': 222},{'dim': 1024},"{'fingerprint_size': 2238, 'num_layers': 2, 'dim': 456}",-9.04147645040439
4,2,"[1892, 881]",1,512,5,0.26681042912098285,128,128,128,sgd,0.4773059274472839,0.0015535738150066246,"{'model_types': ['psc', 'pcnn2d'], 'vocab_size': 9048, 'window': 11, 'pcnn_num_layers': 4, 'embedding_dim': 20, 'psc_dim': 8421, 'rnn_hidden_state_dim': 22}",{'update_pairs': False},{'dim': 473},{'dim': 1024},"{'fingerprint_size': 2238, 'num_layers': 3, 'dim': 412}",-9.746589593467279
8,2,"[1050, 954]",1,256,5,0.39624029146569717,128,128,128,rmsprop,0.021462094473898397,0.08692959048255407,"{'model_types': ['psc', 'pcnn2d'], 'vocab_size': 9048, 'window': 11, 'pcnn_num_layers': 3, 'embedding_dim': 12, 'psc_dim': 8421, 'rnn_hidden_state_dim': 20}",{'update_pairs': False},{'dim': 259},{'dim': 1024},"{'fingerprint_size': 2238, 'num_layers': 3, 'dim': 155}",-9.810508507742874
4,2,"[1892, 881]",1,512,5,0.26681042912098285,128,128,128,sgd,0.4773059274472839,0.0015535738150066246,"{'model_types': ['psc', 'pcnn2d'], 'vocab_size': 9048, 'window': 11, 'pcnn_num_layers': 4, 'embedding_dim': 20, 'psc_dim': 8421, 'rnn_hidden_state_dim': 22}",{'update_pairs': False},{'dim': 473},{'dim': 1024},"{'fingerprint_size': 2238, 'num_layers': 3, 'dim': 412}",-12.886155330401206
4,2,"[1892, 881]",1,512,5,0.26681042912098285,128,128,128,sgd,0.4773059274472839,0.0015535738150066246,"{'model_types': ['psc', 'pcnn2d'], 'vocab_size': 9048, 'window': 11, 'pcnn_num_layers': 4, 'embedding_dim': 20, 'psc_dim': 8421, 'rnn_hidden_state_dim': 22}",{'update_pairs': False},{'dim': 473},{'dim': 1024},"{'fingerprint_size': 2238, 'num_layers': 3, 'dim': 412}",-17.07697789946083
4,2,"[1892, 881]",1,512,5,0.26681042912098285,128,128,128,sgd,0.4773059274472839,0.0015535738150066246,"{'model_types': ['psc', 'pcnn2d'], 'vocab_size': 9048, 'window': 11, 'pcnn_num_layers': 4, 'embedding_dim': 20, 'psc_dim': 8421, 'rnn_hidden_state_dim': 22}",{'update_pairs': False},{'dim': 473},{'dim': 1024},"{'fingerprint_size': 2238, 'num_layers': 3, 'dim': 412}",-17.96821801803706
8,2,"[806, 264]",1,512,5,0.41147118836670604,128,128,128,adagrad,0.3411683420046515,0.0010696498647980457,"{'model_types': ['psc', 'pcnn2d'], 'vocab_size': 9048, 'window': 11, 'pcnn_num_layers': 4, 'embedding_dim': 28, 'psc_dim': 8421, 'rnn_hidden_state_dim': 23}",{'update_pairs': False},{'dim': 411},{'dim': 1024},"{'fingerprint_size': 2238, 'num_layers': 2, 'dim': 312}",-19.42462720041055
4,2,"[1892, 881]",1,512,5,0.26681042912098285,128,128,128,sgd,0.4773059274472839,0.0015535738150066246,"{'model_types': ['psc', 'pcnn2d'], 'vocab_size': 9048, 'window': 11, 'pcnn_num_layers': 4, 'embedding_dim': 20, 'psc_dim': 8421, 'rnn_hidden_state_dim': 22}",{'update_pairs': False},{'dim': 473},{'dim': 1024},"{'fingerprint_size': 2238, 'num_layers': 3, 'dim': 412}",-21.38775192713423
8,1,[886],1,512,5,0.35506898323962754,128,128,128,rmsprop,0.10171793007046828,0.26850379189616325,"{'model_types': ['psc', 'pcnn2d'], 'vocab_size': 9048, 'window': 11, 'pcnn_num_layers': 4, 'embedding_dim': 48, 'psc_dim': 8421, 'rnn_hidden_state_dim': 8}",{'update_pairs': False},{'dim': 148},{'dim': 1024},"{'fingerprint_size': 2238, 'num_layers': 2, 'dim': 145}",-32.70726125590089
4,3,"[1745, 1649]",1,512,5,0.4639814708235811,128,128,128,adam,0.000425629951373882,0.576189808945051,"{'model_types': ['psc', 'pcnn2d'], 'vocab_size': 9048, 'window': 11, 'pcnn_num_layers': 1, 'embedding_dim': 35, 'psc_dim': 8421, 'rnn_hidden_state_dim': 6}",{'update_pairs': False},{'dim': 97},{'dim': 1024},"{'fingerprint_size': 2238, 'num_layers': 2, 'dim': 248}",-33.529317253834336
8,1,[886],1,512,5,0.35506898323962754,128,128,128,rmsprop,0.10171793007046828,0.26850379189616325,"{'model_types': ['psc', 'pcnn2d'], 'vocab_size': 9048, 'window': 11, 'pcnn_num_layers': 4, 'embedding_dim': 48, 'psc_dim': 8421, 'rnn_hidden_state_dim': 8}",{'update_pairs': False},{'dim': 148},{'dim': 1024},"{'fingerprint_size': 2238, 'num_layers': 2, 'dim': 145}",-36.4075796870511
8,2,"[806, 264]",1,512,5,0.41147118836670604,128,128,128,adagrad,0.3411683420046515,0.0010696498647980457,"{'model_types': ['psc', 'pcnn2d'], 'vocab_size': 9048, 'window': 11, 'pcnn_num_layers': 4, 'embedding_dim': 28, 'psc_dim': 8421, 'rnn_hidden_state_dim': 23}",{'update_pairs': False},{'dim': 411},{'dim': 1024},"{'fingerprint_size': 2238, 'num_layers': 2, 'dim': 312}",-61.56924422159273
8,2,"[806, 264]",1,512,5,0.41147118836670604,128,128,128,adagrad,0.3411683420046515,0.0010696498647980457,"{'model_types': ['psc', 'pcnn2d'], 'vocab_size': 9048, 'window': 11, 'pcnn_num_layers': 4, 'embedding_dim': 28, 'psc_dim': 8421, 'rnn_hidden_state_dim': 23}",{'update_pairs': False},{'dim': 411},{'dim': 1024},"{'fingerprint_size': 2238, 'num_layers': 2, 'dim': 312}",-62.282643512898765
8,2,"[806, 264]",1,512,5,0.41147118836670604,128,128,128,adagrad,0.3411683420046515,0.0010696498647980457,"{'model_types': ['psc', 'pcnn2d'], 'vocab_size': 9048, 'window': 11, 'pcnn_num_layers': 4, 'embedding_dim': 28, 'psc_dim': 8421, 'rnn_hidden_state_dim': 23}",{'update_pairs': False},{'dim': 411},{'dim': 1024},"{'fingerprint_size': 2238, 'num_layers': 2, 'dim': 312}",-63.80824217371173
8,2,"[806, 264]",1,512,5,0.41147118836670604,128,128,128,adagrad,0.3411683420046515,0.0010696498647980457,"{'model_types': ['psc', 'pcnn2d'], 'vocab_size': 9048, 'window': 11, 'pcnn_num_layers': 4, 'embedding_dim': 28, 'psc_dim': 8421, 'rnn_hidden_state_dim': 23}",{'update_pairs': False},{'dim': 411},{'dim': 1024},"{'fingerprint_size': 2238, 'num_layers': 2, 'dim': 312}",-67.9322907749379
8,1,[886],1,512,5,0.35506898323962754,128,128,128,rmsprop,0.10171793007046828,0.26850379189616325,"{'model_types': ['psc', 'pcnn2d'], 'vocab_size': 9048, 'window': 11, 'pcnn_num_layers': 4, 'embedding_dim': 48, 'psc_dim': 8421, 'rnn_hidden_state_dim': 8}",{'update_pairs': False},{'dim': 148},{'dim': 1024},"{'fingerprint_size': 2238, 'num_layers': 2, 'dim': 145}",-78.82322670305855
1,1,"[1684, 902]",1,512,5,0.26077004528842773,256,128,128,rmsprop,0.0003855659884711411,0.06398993314856623,"{'model_types': ['psc', 'pcnn2d'], 'vocab_size': 9048, 'window': 11, 'pcnn_num_layers': 2, 'embedding_dim': 42, 'psc_dim': 8421, 'rnn_hidden_state_dim': 6}",{'update_pairs': False},{'dim': 222},{'dim': 1024},"{'fingerprint_size': 2238, 'num_layers': 2, 'dim': 456}",-569.1309578345802
8,3,[525],1,256,5,0.17289826893255644,128,128,128,rmsprop,0.002142435655913873,0.33832708700374914,"{'model_types': ['psc', 'pcnn2d'], 'vocab_size': 9048, 'window': 11, 'pcnn_num_layers': 4, 'embedding_dim': 19, 'psc_dim': 8421, 'rnn_hidden_state_dim': 32}",{'update_pairs': False},{'dim': 256},{'dim': 1024},"{'fingerprint_size': 2238, 'num_layers': 3, 'dim': 212}",-928.6323543080708
8,3,[525],1,256,5,0.17289826893255644,128,128,128,rmsprop,0.002142435655913873,0.33832708700374914,"{'model_types': ['psc', 'pcnn2d'], 'vocab_size': 9048, 'window': 11, 'pcnn_num_layers': 4, 'embedding_dim': 19, 'psc_dim': 8421, 'rnn_hidden_state_dim': 32}",{'update_pairs': False},{'dim': 256},{'dim': 1024},"{'fingerprint_size': 2238, 'num_layers': 3, 'dim': 212}",-950.1346173999796
8,3,[525],1,256,5,0.17289826893255644,128,128,128,rmsprop,0.002142435655913873,0.33832708700374914,"{'model_types': ['psc', 'pcnn2d'], 'vocab_size': 9048, 'window': 11, 'pcnn_num_layers': 4, 'embedding_dim': 19, 'psc_dim': 8421, 'rnn_hidden_state_dim': 32}",{'update_pairs': False},{'dim': 256},{'dim': 1024},"{'fingerprint_size': 2238, 'num_layers': 3, 'dim': 212}",-1579.458104618109
1,1,"[1684, 902]",1,512,5,0.26077004528842773,256,128,128,rmsprop,0.0003855659884711411,0.06398993314856623,"{'model_types': ['psc', 'pcnn2d'], 'vocab_size': 9048, 'window': 11, 'pcnn_num_layers': 2, 'embedding_dim': 42, 'psc_dim': 8421, 'rnn_hidden_state_dim': 6}",{'update_pairs': False},{'dim': 222},{'dim': 1024},"{'fingerprint_size': 2238, 'num_layers': 2, 'dim': 456}",-9088.00585045181
8,1,[886],1,512,5,0.35506898323962754,128,128,128,rmsprop,0.10171793007046828,0.26850379189616325,"{'model_types': ['psc', 'pcnn2d'], 'vocab_size': 9048, 'window': 11, 'pcnn_num_layers': 4, 'embedding_dim': 48, 'psc_dim': 8421, 'rnn_hidden_state_dim': 8}",{'update_pairs': False},{'dim': 148},{'dim': 1024},"{'fingerprint_size': 2238, 'num_layers': 2, 'dim': 145}",-4103740.9848856246
