comp_view,hdims,output_dim,kaiming_constant,dprob,tr_batch_size,val_batch_size,test_batch_size,optimizer,optimizer__global__weight_decay,optimizer__global__lr,prot,weave,gconv,ecfp8,gnn,score
weave,[1430],1,5,0.014999755944308048,256,128,128,adadelta,0.0006934285165810099,0.002388894805764123,"{'model_type': 'pcnna', 'vocab_size': 9048, 'window': 11, 'dim': 20, 'pcnn_num_layers': 2}","{'dim': 140, 'update_pairs': False}",{'dim': 384},{'dim': 1024},"{'fingerprint_size': 2238, 'num_layers': 2, 'dim': 279}",-0.22103093025839954
weave,[4381],1,5,0.09996090372854678,128,128,128,adagrad,0.03718749249929942,0.00021265600912538922,"{'model_type': 'pcnna', 'vocab_size': 9048, 'window': 11, 'dim': 24, 'pcnn_num_layers': 3}","{'dim': 253, 'update_pairs': False}",{'dim': 419},{'dim': 1024},"{'fingerprint_size': 2238, 'num_layers': 4, 'dim': 489}",-0.22572426552284622
weave,[4381],1,5,0.09996090372854678,128,128,128,adagrad,0.03718749249929942,0.00021265600912538922,"{'model_type': 'pcnna', 'vocab_size': 9048, 'window': 11, 'dim': 24, 'pcnn_num_layers': 3}","{'dim': 253, 'update_pairs': False}",{'dim': 419},{'dim': 1024},"{'fingerprint_size': 2238, 'num_layers': 4, 'dim': 489}",-0.2573809533114597
weave,[1430],1,5,0.014999755944308048,256,128,128,adadelta,0.0006934285165810099,0.002388894805764123,"{'model_type': 'pcnna', 'vocab_size': 9048, 'window': 11, 'dim': 20, 'pcnn_num_layers': 2}","{'dim': 140, 'update_pairs': False}",{'dim': 384},{'dim': 1024},"{'fingerprint_size': 2238, 'num_layers': 2, 'dim': 279}",-0.2580221129262059
weave,[1430],1,5,0.014999755944308048,256,128,128,adadelta,0.0006934285165810099,0.002388894805764123,"{'model_type': 'pcnna', 'vocab_size': 9048, 'window': 11, 'dim': 20, 'pcnn_num_layers': 2}","{'dim': 140, 'update_pairs': False}",{'dim': 384},{'dim': 1024},"{'fingerprint_size': 2238, 'num_layers': 2, 'dim': 279}",-0.25877032800080935
weave,[4381],1,5,0.09996090372854678,128,128,128,adagrad,0.03718749249929942,0.00021265600912538922,"{'model_type': 'pcnna', 'vocab_size': 9048, 'window': 11, 'dim': 24, 'pcnn_num_layers': 3}","{'dim': 253, 'update_pairs': False}",{'dim': 419},{'dim': 1024},"{'fingerprint_size': 2238, 'num_layers': 4, 'dim': 489}",-0.25920604099431316
weave,"[4854, 1108]",1,5,0.13750790441406016,128,128,128,sgd,0.0029738965461965036,0.0003065486870323433,"{'model_type': 'pcnna', 'vocab_size': 9048, 'window': 11, 'dim': 23, 'pcnn_num_layers': 4}","{'dim': 120, 'update_pairs': False}",{'dim': 160},{'dim': 1024},"{'fingerprint_size': 2238, 'num_layers': 4, 'dim': 110}",-0.2639381761331708
weave,[1430],1,5,0.014999755944308048,256,128,128,adadelta,0.0006934285165810099,0.002388894805764123,"{'model_type': 'pcnna', 'vocab_size': 9048, 'window': 11, 'dim': 20, 'pcnn_num_layers': 2}","{'dim': 140, 'update_pairs': False}",{'dim': 384},{'dim': 1024},"{'fingerprint_size': 2238, 'num_layers': 2, 'dim': 279}",-0.2650532910973415
weave,[1430],1,5,0.014999755944308048,256,128,128,adadelta,0.0006934285165810099,0.002388894805764123,"{'model_type': 'pcnna', 'vocab_size': 9048, 'window': 11, 'dim': 20, 'pcnn_num_layers': 2}","{'dim': 140, 'update_pairs': False}",{'dim': 384},{'dim': 1024},"{'fingerprint_size': 2238, 'num_layers': 2, 'dim': 279}",-0.27966643273300684
weave,"[4605, 2671, 2186]",1,5,0.01718810579266414,256,128,128,adadelta,0.05294028765345958,0.00011848144066614576,"{'model_type': 'pcnna', 'vocab_size': 9048, 'window': 11, 'dim': 32, 'pcnn_num_layers': 3}","{'dim': 453, 'update_pairs': False}",{'dim': 246},{'dim': 1024},"{'fingerprint_size': 2238, 'num_layers': 2, 'dim': 150}",-0.28049752987867876
weave,"[4854, 1108]",1,5,0.13750790441406016,128,128,128,sgd,0.0029738965461965036,0.0003065486870323433,"{'model_type': 'pcnna', 'vocab_size': 9048, 'window': 11, 'dim': 23, 'pcnn_num_layers': 4}","{'dim': 120, 'update_pairs': False}",{'dim': 160},{'dim': 1024},"{'fingerprint_size': 2238, 'num_layers': 4, 'dim': 110}",-0.2815956435574931
weave,[4381],1,5,0.09996090372854678,128,128,128,adagrad,0.03718749249929942,0.00021265600912538922,"{'model_type': 'pcnna', 'vocab_size': 9048, 'window': 11, 'dim': 24, 'pcnn_num_layers': 3}","{'dim': 253, 'update_pairs': False}",{'dim': 419},{'dim': 1024},"{'fingerprint_size': 2238, 'num_layers': 4, 'dim': 489}",-0.2816732939375718
weave,[4381],1,5,0.09996090372854678,128,128,128,adagrad,0.03718749249929942,0.00021265600912538922,"{'model_type': 'pcnna', 'vocab_size': 9048, 'window': 11, 'dim': 24, 'pcnn_num_layers': 3}","{'dim': 253, 'update_pairs': False}",{'dim': 419},{'dim': 1024},"{'fingerprint_size': 2238, 'num_layers': 4, 'dim': 489}",-0.28311704248705843
weave,[842],1,5,0.023044458409641148,256,128,128,adadelta,0.0006962245241403459,0.06697761884560131,"{'model_type': 'pcnna', 'vocab_size': 9048, 'window': 11, 'dim': 49, 'pcnn_num_layers': 4}","{'dim': 497, 'update_pairs': False}",{'dim': 511},{'dim': 1024},"{'fingerprint_size': 2238, 'num_layers': 3, 'dim': 123}",-0.28378453214851385
weave,"[4854, 1108]",1,5,0.13750790441406016,128,128,128,sgd,0.0029738965461965036,0.0003065486870323433,"{'model_type': 'pcnna', 'vocab_size': 9048, 'window': 11, 'dim': 23, 'pcnn_num_layers': 4}","{'dim': 120, 'update_pairs': False}",{'dim': 160},{'dim': 1024},"{'fingerprint_size': 2238, 'num_layers': 4, 'dim': 110}",-0.2912709084614646
weave,"[2815, 2908, 4371]",1,5,0.04007478646316499,128,128,128,adam,0.0005636795784818283,0.0001067101570070612,"{'model_type': 'pcnna', 'vocab_size': 9048, 'window': 11, 'dim': 47, 'pcnn_num_layers': 2}","{'dim': 507, 'update_pairs': False}",{'dim': 347},{'dim': 1024},"{'fingerprint_size': 2238, 'num_layers': 3, 'dim': 134}",-0.29505562057064777
weave,"[1253, 558, 2021]",1,5,0.015354914089478146,128,128,128,adamax,0.0009436330512005445,0.00011782948025231529,"{'model_type': 'pcnna', 'vocab_size': 9048, 'window': 11, 'dim': 8, 'pcnn_num_layers': 3}","{'dim': 135, 'update_pairs': False}",{'dim': 186},{'dim': 1024},"{'fingerprint_size': 2238, 'num_layers': 1, 'dim': 392}",-0.2997733125887034
weave,"[4854, 1108]",1,5,0.13750790441406016,128,128,128,sgd,0.0029738965461965036,0.0003065486870323433,"{'model_type': 'pcnna', 'vocab_size': 9048, 'window': 11, 'dim': 23, 'pcnn_num_layers': 4}","{'dim': 120, 'update_pairs': False}",{'dim': 160},{'dim': 1024},"{'fingerprint_size': 2238, 'num_layers': 4, 'dim': 110}",-0.3001550826629812
weave,"[4854, 1108]",1,5,0.13750790441406016,128,128,128,sgd,0.0029738965461965036,0.0003065486870323433,"{'model_type': 'pcnna', 'vocab_size': 9048, 'window': 11, 'dim': 23, 'pcnn_num_layers': 4}","{'dim': 120, 'update_pairs': False}",{'dim': 160},{'dim': 1024},"{'fingerprint_size': 2238, 'num_layers': 4, 'dim': 110}",-0.3191459461210649
weave,[842],1,5,0.023044458409641148,256,128,128,adadelta,0.0006962245241403459,0.06697761884560131,"{'model_type': 'pcnna', 'vocab_size': 9048, 'window': 11, 'dim': 49, 'pcnn_num_layers': 4}","{'dim': 497, 'update_pairs': False}",{'dim': 511},{'dim': 1024},"{'fingerprint_size': 2238, 'num_layers': 3, 'dim': 123}",-0.3358079937044074
weave,[842],1,5,0.023044458409641148,256,128,128,adadelta,0.0006962245241403459,0.06697761884560131,"{'model_type': 'pcnna', 'vocab_size': 9048, 'window': 11, 'dim': 49, 'pcnn_num_layers': 4}","{'dim': 497, 'update_pairs': False}",{'dim': 511},{'dim': 1024},"{'fingerprint_size': 2238, 'num_layers': 3, 'dim': 123}",-0.3362880689106727
weave,[842],1,5,0.023044458409641148,256,128,128,adadelta,0.0006962245241403459,0.06697761884560131,"{'model_type': 'pcnna', 'vocab_size': 9048, 'window': 11, 'dim': 49, 'pcnn_num_layers': 4}","{'dim': 497, 'update_pairs': False}",{'dim': 511},{'dim': 1024},"{'fingerprint_size': 2238, 'num_layers': 3, 'dim': 123}",-0.36907613834696673
weave,[842],1,5,0.023044458409641148,256,128,128,adadelta,0.0006962245241403459,0.06697761884560131,"{'model_type': 'pcnna', 'vocab_size': 9048, 'window': 11, 'dim': 49, 'pcnn_num_layers': 4}","{'dim': 497, 'update_pairs': False}",{'dim': 511},{'dim': 1024},"{'fingerprint_size': 2238, 'num_layers': 3, 'dim': 123}",-0.3955788303131454
weave,"[3735, 530, 4579]",1,5,0.028667154864010676,256,128,128,adamax,0.004185462815185272,0.0023340301289498013,"{'model_type': 'pcnna', 'vocab_size': 9048, 'window': 11, 'dim': 9, 'pcnn_num_layers': 3}","{'dim': 88, 'update_pairs': False}",{'dim': 511},{'dim': 1024},"{'fingerprint_size': 2238, 'num_layers': 4, 'dim': 114}",-0.4207679362835544
weave,"[1494, 4528]",1,5,0.03915451060427682,256,128,128,adamax,0.23875717928106766,0.002138182814094468,"{'model_type': 'pcnna', 'vocab_size': 9048, 'window': 11, 'dim': 30, 'pcnn_num_layers': 1}","{'dim': 149, 'update_pairs': False}",{'dim': 223},{'dim': 1024},"{'fingerprint_size': 2238, 'num_layers': 4, 'dim': 305}",-0.4477626331673074
weave,"[1494, 4528]",1,5,0.03915451060427682,256,128,128,adamax,0.23875717928106766,0.002138182814094468,"{'model_type': 'pcnna', 'vocab_size': 9048, 'window': 11, 'dim': 30, 'pcnn_num_layers': 1}","{'dim': 149, 'update_pairs': False}",{'dim': 223},{'dim': 1024},"{'fingerprint_size': 2238, 'num_layers': 4, 'dim': 305}",-0.4479550867025938
weave,"[4520, 2409]",1,5,0.5003813103937854,128,128,128,adam,0.6486669032344905,0.3704958259166867,"{'model_type': 'pcnna', 'vocab_size': 9048, 'window': 11, 'dim': 14, 'pcnn_num_layers': 2}","{'dim': 187, 'update_pairs': False}",{'dim': 324},{'dim': 1024},"{'fingerprint_size': 2238, 'num_layers': 2, 'dim': 104}",-0.46234877027693067
weave,"[4835, 3852, 2644]",1,5,0.011242395105496199,128,128,128,rmsprop,0.1879581767740365,0.00018196149987764716,"{'model_type': 'pcnna', 'vocab_size': 9048, 'window': 11, 'dim': 33, 'pcnn_num_layers': 3}","{'dim': 174, 'update_pairs': False}",{'dim': 246},{'dim': 1024},"{'fingerprint_size': 2238, 'num_layers': 4, 'dim': 184}",-0.46939495839084644
weave,"[4737, 1906]",1,5,0.026683742906508108,128,128,128,adadelta,0.3826601111924733,0.0211433094592308,"{'model_type': 'pcnna', 'vocab_size': 9048, 'window': 11, 'dim': 46, 'pcnn_num_layers': 3}","{'dim': 96, 'update_pairs': False}",{'dim': 333},{'dim': 1024},"{'fingerprint_size': 2238, 'num_layers': 4, 'dim': 203}",-0.4824958008638437
weave,"[4737, 1906]",1,5,0.026683742906508108,128,128,128,adadelta,0.3826601111924733,0.0211433094592308,"{'model_type': 'pcnna', 'vocab_size': 9048, 'window': 11, 'dim': 46, 'pcnn_num_layers': 3}","{'dim': 96, 'update_pairs': False}",{'dim': 333},{'dim': 1024},"{'fingerprint_size': 2238, 'num_layers': 4, 'dim': 203}",-0.5176367648973558
weave,"[1494, 4528]",1,5,0.03915451060427682,256,128,128,adamax,0.23875717928106766,0.002138182814094468,"{'model_type': 'pcnna', 'vocab_size': 9048, 'window': 11, 'dim': 30, 'pcnn_num_layers': 1}","{'dim': 149, 'update_pairs': False}",{'dim': 223},{'dim': 1024},"{'fingerprint_size': 2238, 'num_layers': 4, 'dim': 305}",-0.5191256244197531
weave,"[1494, 4528]",1,5,0.03915451060427682,256,128,128,adamax,0.23875717928106766,0.002138182814094468,"{'model_type': 'pcnna', 'vocab_size': 9048, 'window': 11, 'dim': 30, 'pcnn_num_layers': 1}","{'dim': 149, 'update_pairs': False}",{'dim': 223},{'dim': 1024},"{'fingerprint_size': 2238, 'num_layers': 4, 'dim': 305}",-0.5376690459797274
weave,"[1494, 4528]",1,5,0.03915451060427682,256,128,128,adamax,0.23875717928106766,0.002138182814094468,"{'model_type': 'pcnna', 'vocab_size': 9048, 'window': 11, 'dim': 30, 'pcnn_num_layers': 1}","{'dim': 149, 'update_pairs': False}",{'dim': 223},{'dim': 1024},"{'fingerprint_size': 2238, 'num_layers': 4, 'dim': 305}",-0.5386127854288709
weave,"[4737, 1906]",1,5,0.026683742906508108,128,128,128,adadelta,0.3826601111924733,0.0211433094592308,"{'model_type': 'pcnna', 'vocab_size': 9048, 'window': 11, 'dim': 46, 'pcnn_num_layers': 3}","{'dim': 96, 'update_pairs': False}",{'dim': 333},{'dim': 1024},"{'fingerprint_size': 2238, 'num_layers': 4, 'dim': 203}",-0.5599884297103325
weave,"[4737, 1906]",1,5,0.026683742906508108,128,128,128,adadelta,0.3826601111924733,0.0211433094592308,"{'model_type': 'pcnna', 'vocab_size': 9048, 'window': 11, 'dim': 46, 'pcnn_num_layers': 3}","{'dim': 96, 'update_pairs': False}",{'dim': 333},{'dim': 1024},"{'fingerprint_size': 2238, 'num_layers': 4, 'dim': 203}",-0.5611080239376268
weave,"[1894, 2813]",1,5,0.7618171105795597,256,128,128,sgd,0.00021948907119873697,0.0012182587286133592,"{'model_type': 'pcnna', 'vocab_size': 9048, 'window': 11, 'dim': 43, 'pcnn_num_layers': 1}","{'dim': 197, 'update_pairs': False}",{'dim': 65},{'dim': 1024},"{'fingerprint_size': 2238, 'num_layers': 3, 'dim': 468}",-0.5615718569478271
weave,"[3973, 4844, 1304]",1,5,0.08097822863908981,128,128,128,adam,0.002893439207099514,0.0035839598269258254,"{'model_type': 'pcnna', 'vocab_size': 9048, 'window': 11, 'dim': 14, 'pcnn_num_layers': 2}","{'dim': 201, 'update_pairs': False}",{'dim': 439},{'dim': 1024},"{'fingerprint_size': 2238, 'num_layers': 3, 'dim': 408}",-0.565051644457833
weave,"[3514, 3568]",1,5,0.8928979415326452,128,128,128,sgd,0.008474396992292701,0.0009045878567067956,"{'model_type': 'pcnna', 'vocab_size': 9048, 'window': 11, 'dim': 16, 'pcnn_num_layers': 3}","{'dim': 499, 'update_pairs': False}",{'dim': 463},{'dim': 1024},"{'fingerprint_size': 2238, 'num_layers': 2, 'dim': 292}",-0.5748048706253441
weave,"[1632, 4736, 4708]",1,5,0.9441265492208851,256,128,128,adadelta,0.7204257097466298,0.006985107567784614,"{'model_type': 'pcnna', 'vocab_size': 9048, 'window': 11, 'dim': 6, 'pcnn_num_layers': 3}","{'dim': 281, 'update_pairs': False}",{'dim': 154},{'dim': 1024},"{'fingerprint_size': 2238, 'num_layers': 3, 'dim': 195}",-0.5904247098439669
weave,"[3759, 3697]",1,5,0.952359619840331,256,128,128,rmsprop,0.00010567419562760779,0.00010392148258754476,"{'model_type': 'pcnna', 'vocab_size': 9048, 'window': 11, 'dim': 18, 'pcnn_num_layers': 1}","{'dim': 163, 'update_pairs': False}",{'dim': 460},{'dim': 1024},"{'fingerprint_size': 2238, 'num_layers': 4, 'dim': 339}",-0.5944359336302827
weave,"[4994, 3925, 447]",1,5,0.6283994736790157,128,128,128,adam,0.21299273302797456,0.642113007399131,"{'model_type': 'pcnna', 'vocab_size': 9048, 'window': 11, 'dim': 41, 'pcnn_num_layers': 3}","{'dim': 469, 'update_pairs': False}",{'dim': 79},{'dim': 1024},"{'fingerprint_size': 2238, 'num_layers': 2, 'dim': 69}",-0.6084504107343114
weave,"[2874, 4348, 1798]",1,5,0.5339945774148945,256,128,128,rmsprop,0.21284105041076948,0.012318667580214788,"{'model_type': 'pcnna', 'vocab_size': 9048, 'window': 11, 'dim': 48, 'pcnn_num_layers': 3}","{'dim': 121, 'update_pairs': False}",{'dim': 497},{'dim': 1024},"{'fingerprint_size': 2238, 'num_layers': 4, 'dim': 494}",-0.6130804812256045
weave,"[3682, 764, 2582]",1,5,0.025180052839395218,128,128,128,adam,0.022775293677201294,0.014903506934880765,"{'model_type': 'pcnna', 'vocab_size': 9048, 'window': 11, 'dim': 26, 'pcnn_num_layers': 1}","{'dim': 125, 'update_pairs': False}",{'dim': 83},{'dim': 1024},"{'fingerprint_size': 2238, 'num_layers': 2, 'dim': 363}",-0.6167047453041139
weave,"[3514, 3568]",1,5,0.8928979415326452,128,128,128,sgd,0.008474396992292701,0.0009045878567067956,"{'model_type': 'pcnna', 'vocab_size': 9048, 'window': 11, 'dim': 16, 'pcnn_num_layers': 3}","{'dim': 499, 'update_pairs': False}",{'dim': 463},{'dim': 1024},"{'fingerprint_size': 2238, 'num_layers': 2, 'dim': 292}",-0.635583249586427
weave,"[4520, 2409]",1,5,0.5003813103937854,128,128,128,adam,0.6486669032344905,0.3704958259166867,"{'model_type': 'pcnna', 'vocab_size': 9048, 'window': 11, 'dim': 14, 'pcnn_num_layers': 2}","{'dim': 187, 'update_pairs': False}",{'dim': 324},{'dim': 1024},"{'fingerprint_size': 2238, 'num_layers': 2, 'dim': 104}",-0.6821405671482821
weave,"[2383, 3121]",1,5,0.032103310858863685,256,128,128,adam,0.00034507875856824383,0.019586873683224027,"{'model_type': 'pcnna', 'vocab_size': 9048, 'window': 11, 'dim': 29, 'pcnn_num_layers': 3}","{'dim': 330, 'update_pairs': False}",{'dim': 313},{'dim': 1024},"{'fingerprint_size': 2238, 'num_layers': 2, 'dim': 360}",-0.692011695009914
weave,"[1894, 2813]",1,5,0.7618171105795597,256,128,128,sgd,0.00021948907119873697,0.0012182587286133592,"{'model_type': 'pcnna', 'vocab_size': 9048, 'window': 11, 'dim': 43, 'pcnn_num_layers': 1}","{'dim': 197, 'update_pairs': False}",{'dim': 65},{'dim': 1024},"{'fingerprint_size': 2238, 'num_layers': 3, 'dim': 468}",-0.6929334057575773
weave,"[4520, 2409]",1,5,0.5003813103937854,128,128,128,adam,0.6486669032344905,0.3704958259166867,"{'model_type': 'pcnna', 'vocab_size': 9048, 'window': 11, 'dim': 14, 'pcnn_num_layers': 2}","{'dim': 187, 'update_pairs': False}",{'dim': 324},{'dim': 1024},"{'fingerprint_size': 2238, 'num_layers': 2, 'dim': 104}",-0.7275286841729822
weave,"[4315, 3662, 2028]",1,5,0.12229506387602636,128,128,128,rmsprop,0.0002124287268937303,0.00046133185199926535,"{'model_type': 'pcnna', 'vocab_size': 9048, 'window': 11, 'dim': 28, 'pcnn_num_layers': 1}","{'dim': 327, 'update_pairs': False}",{'dim': 434},{'dim': 1024},"{'fingerprint_size': 2238, 'num_layers': 1, 'dim': 261}",-0.7445392669772345
weave,"[1133, 4287, 3342]",1,5,0.01342310111721412,128,128,128,adamax,0.008566195437770466,0.021555113557438627,"{'model_type': 'pcnna', 'vocab_size': 9048, 'window': 11, 'dim': 8, 'pcnn_num_layers': 3}","{'dim': 160, 'update_pairs': False}",{'dim': 94},{'dim': 1024},"{'fingerprint_size': 2238, 'num_layers': 1, 'dim': 490}",-0.7498228102289469
weave,"[3514, 3568]",1,5,0.8928979415326452,128,128,128,sgd,0.008474396992292701,0.0009045878567067956,"{'model_type': 'pcnna', 'vocab_size': 9048, 'window': 11, 'dim': 16, 'pcnn_num_layers': 3}","{'dim': 499, 'update_pairs': False}",{'dim': 463},{'dim': 1024},"{'fingerprint_size': 2238, 'num_layers': 2, 'dim': 292}",-0.7548294524024626
weave,"[3973, 4844, 1304]",1,5,0.08097822863908981,128,128,128,adam,0.002893439207099514,0.0035839598269258254,"{'model_type': 'pcnna', 'vocab_size': 9048, 'window': 11, 'dim': 14, 'pcnn_num_layers': 2}","{'dim': 201, 'update_pairs': False}",{'dim': 439},{'dim': 1024},"{'fingerprint_size': 2238, 'num_layers': 3, 'dim': 408}",-0.7644445982343232
weave,"[4925, 4298, 2205]",1,5,0.6378468710796483,256,128,128,adam,0.002835918513120325,0.16446106594739213,"{'model_type': 'pcnna', 'vocab_size': 9048, 'window': 11, 'dim': 45, 'pcnn_num_layers': 2}","{'dim': 326, 'update_pairs': False}",{'dim': 451},{'dim': 1024},"{'fingerprint_size': 2238, 'num_layers': 4, 'dim': 139}",-0.7850131730841023
weave,"[1894, 2813]",1,5,0.7618171105795597,256,128,128,sgd,0.00021948907119873697,0.0012182587286133592,"{'model_type': 'pcnna', 'vocab_size': 9048, 'window': 11, 'dim': 43, 'pcnn_num_layers': 1}","{'dim': 197, 'update_pairs': False}",{'dim': 65},{'dim': 1024},"{'fingerprint_size': 2238, 'num_layers': 3, 'dim': 468}",-0.8194887951222444
weave,"[2875, 4332, 1824]",1,5,0.9205426563487747,128,128,128,adagrad,0.1277638252158127,0.14620778347321342,"{'model_type': 'pcnna', 'vocab_size': 9048, 'window': 11, 'dim': 47, 'pcnn_num_layers': 3}","{'dim': 99, 'update_pairs': False}",{'dim': 167},{'dim': 1024},"{'fingerprint_size': 2238, 'num_layers': 2, 'dim': 494}",-0.8413818617298539
weave,"[4520, 2409]",1,5,0.5003813103937854,128,128,128,adam,0.6486669032344905,0.3704958259166867,"{'model_type': 'pcnna', 'vocab_size': 9048, 'window': 11, 'dim': 14, 'pcnn_num_layers': 2}","{'dim': 187, 'update_pairs': False}",{'dim': 324},{'dim': 1024},"{'fingerprint_size': 2238, 'num_layers': 2, 'dim': 104}",-0.8677978108133813
weave,"[3718, 3101]",1,5,0.07270673824913047,256,128,128,adamax,0.048583471529409665,0.02986760313727288,"{'model_type': 'pcnna', 'vocab_size': 9048, 'window': 11, 'dim': 32, 'pcnn_num_layers': 2}","{'dim': 148, 'update_pairs': False}",{'dim': 299},{'dim': 1024},"{'fingerprint_size': 2238, 'num_layers': 1, 'dim': 392}",-0.9505882893111758
weave,"[4315, 3662, 2028]",1,5,0.12229506387602636,128,128,128,rmsprop,0.0002124287268937303,0.00046133185199926535,"{'model_type': 'pcnna', 'vocab_size': 9048, 'window': 11, 'dim': 28, 'pcnn_num_layers': 1}","{'dim': 327, 'update_pairs': False}",{'dim': 434},{'dim': 1024},"{'fingerprint_size': 2238, 'num_layers': 1, 'dim': 261}",-0.9560251114192765
weave,"[1133, 4287, 3342]",1,5,0.01342310111721412,128,128,128,adamax,0.008566195437770466,0.021555113557438627,"{'model_type': 'pcnna', 'vocab_size': 9048, 'window': 11, 'dim': 8, 'pcnn_num_layers': 3}","{'dim': 160, 'update_pairs': False}",{'dim': 94},{'dim': 1024},"{'fingerprint_size': 2238, 'num_layers': 1, 'dim': 490}",-0.9806646579775932
weave,"[4315, 3662, 2028]",1,5,0.12229506387602636,128,128,128,rmsprop,0.0002124287268937303,0.00046133185199926535,"{'model_type': 'pcnna', 'vocab_size': 9048, 'window': 11, 'dim': 28, 'pcnn_num_layers': 1}","{'dim': 327, 'update_pairs': False}",{'dim': 434},{'dim': 1024},"{'fingerprint_size': 2238, 'num_layers': 1, 'dim': 261}",-1.0106173454400418
weave,"[4351, 2238, 1187]",1,5,0.3483330154520039,256,128,128,adamax,0.0027729246890233436,0.012842883620411725,"{'model_type': 'pcnna', 'vocab_size': 9048, 'window': 11, 'dim': 31, 'pcnn_num_layers': 4}","{'dim': 79, 'update_pairs': False}",{'dim': 259},{'dim': 1024},"{'fingerprint_size': 2238, 'num_layers': 2, 'dim': 220}",-1.0267917770882329
weave,"[1980, 3490, 2380]",1,5,0.43665694629084656,128,128,128,adadelta,0.0018444952804724723,0.04438917983408092,"{'model_type': 'pcnna', 'vocab_size': 9048, 'window': 11, 'dim': 8, 'pcnn_num_layers': 2}","{'dim': 449, 'update_pairs': False}",{'dim': 196},{'dim': 1024},"{'fingerprint_size': 2238, 'num_layers': 1, 'dim': 133}",-1.0331697037441043
weave,"[1894, 2813]",1,5,0.7618171105795597,256,128,128,sgd,0.00021948907119873697,0.0012182587286133592,"{'model_type': 'pcnna', 'vocab_size': 9048, 'window': 11, 'dim': 43, 'pcnn_num_layers': 1}","{'dim': 197, 'update_pairs': False}",{'dim': 65},{'dim': 1024},"{'fingerprint_size': 2238, 'num_layers': 3, 'dim': 468}",-1.075757560204276
weave,"[521, 995, 1470]",1,5,0.2499727242717855,128,128,128,rmsprop,0.0004976705711825014,0.003949610978917434,"{'model_type': 'pcnna', 'vocab_size': 9048, 'window': 11, 'dim': 29, 'pcnn_num_layers': 3}","{'dim': 484, 'update_pairs': False}",{'dim': 496},{'dim': 1024},"{'fingerprint_size': 2238, 'num_layers': 2, 'dim': 373}",-1.0775685810685505
weave,"[4925, 4298, 2205]",1,5,0.6378468710796483,256,128,128,adam,0.002835918513120325,0.16446106594739213,"{'model_type': 'pcnna', 'vocab_size': 9048, 'window': 11, 'dim': 45, 'pcnn_num_layers': 2}","{'dim': 326, 'update_pairs': False}",{'dim': 451},{'dim': 1024},"{'fingerprint_size': 2238, 'num_layers': 4, 'dim': 139}",-1.0959255838467101
weave,"[2874, 4348, 1798]",1,5,0.5339945774148945,256,128,128,rmsprop,0.21284105041076948,0.012318667580214788,"{'model_type': 'pcnna', 'vocab_size': 9048, 'window': 11, 'dim': 48, 'pcnn_num_layers': 3}","{'dim': 121, 'update_pairs': False}",{'dim': 497},{'dim': 1024},"{'fingerprint_size': 2238, 'num_layers': 4, 'dim': 494}",-1.1345763862025435
weave,"[3339, 1697, 4202]",1,5,0.6270977431385186,128,128,128,adamax,0.00052275422698798,0.3969400567840394,"{'model_type': 'pcnna', 'vocab_size': 9048, 'window': 11, 'dim': 8, 'pcnn_num_layers': 2}","{'dim': 77, 'update_pairs': False}",{'dim': 265},{'dim': 1024},"{'fingerprint_size': 2238, 'num_layers': 1, 'dim': 125}",-1.1623988211683736
weave,"[4925, 4298, 2205]",1,5,0.6378468710796483,256,128,128,adam,0.002835918513120325,0.16446106594739213,"{'model_type': 'pcnna', 'vocab_size': 9048, 'window': 11, 'dim': 45, 'pcnn_num_layers': 2}","{'dim': 326, 'update_pairs': False}",{'dim': 451},{'dim': 1024},"{'fingerprint_size': 2238, 'num_layers': 4, 'dim': 139}",-1.211540033397313
weave,"[435, 3621]",1,5,0.204161211242219,128,128,128,adam,0.08300203386423805,0.01914234801698196,"{'model_type': 'pcnna', 'vocab_size': 9048, 'window': 11, 'dim': 27, 'pcnn_num_layers': 3}","{'dim': 497, 'update_pairs': False}",{'dim': 313},{'dim': 1024},"{'fingerprint_size': 2238, 'num_layers': 2, 'dim': 335}",-1.2177577635968222
weave,"[2644, 2560, 4524]",1,5,0.3782250721267335,128,128,128,adamax,0.20781369068860098,0.18067532298089858,"{'model_type': 'pcnna', 'vocab_size': 9048, 'window': 11, 'dim': 20, 'pcnn_num_layers': 3}","{'dim': 253, 'update_pairs': False}",{'dim': 418},{'dim': 1024},"{'fingerprint_size': 2238, 'num_layers': 1, 'dim': 120}",-1.264905739490534
weave,"[2370, 743, 2818]",1,5,0.6426893588592069,128,128,128,adam,0.05833393037291891,0.055215195199718625,"{'model_type': 'pcnna', 'vocab_size': 9048, 'window': 11, 'dim': 44, 'pcnn_num_layers': 2}","{'dim': 313, 'update_pairs': False}",{'dim': 444},{'dim': 1024},"{'fingerprint_size': 2238, 'num_layers': 2, 'dim': 110}",-1.3153766625744412
weave,"[4351, 2238, 1187]",1,5,0.3483330154520039,256,128,128,adamax,0.0027729246890233436,0.012842883620411725,"{'model_type': 'pcnna', 'vocab_size': 9048, 'window': 11, 'dim': 31, 'pcnn_num_layers': 4}","{'dim': 79, 'update_pairs': False}",{'dim': 259},{'dim': 1024},"{'fingerprint_size': 2238, 'num_layers': 2, 'dim': 220}",-1.3160914269373465
weave,"[3718, 3101]",1,5,0.07270673824913047,256,128,128,adamax,0.048583471529409665,0.02986760313727288,"{'model_type': 'pcnna', 'vocab_size': 9048, 'window': 11, 'dim': 32, 'pcnn_num_layers': 2}","{'dim': 148, 'update_pairs': False}",{'dim': 299},{'dim': 1024},"{'fingerprint_size': 2238, 'num_layers': 1, 'dim': 392}",-1.3393391434231767
weave,"[3682, 764, 2582]",1,5,0.025180052839395218,128,128,128,adam,0.022775293677201294,0.014903506934880765,"{'model_type': 'pcnna', 'vocab_size': 9048, 'window': 11, 'dim': 26, 'pcnn_num_layers': 1}","{'dim': 125, 'update_pairs': False}",{'dim': 83},{'dim': 1024},"{'fingerprint_size': 2238, 'num_layers': 2, 'dim': 363}",-1.5037271587556653
weave,"[4351, 2238, 1187]",1,5,0.3483330154520039,256,128,128,adamax,0.0027729246890233436,0.012842883620411725,"{'model_type': 'pcnna', 'vocab_size': 9048, 'window': 11, 'dim': 31, 'pcnn_num_layers': 4}","{'dim': 79, 'update_pairs': False}",{'dim': 259},{'dim': 1024},"{'fingerprint_size': 2238, 'num_layers': 2, 'dim': 220}",-1.5530854663887916
weave,"[367, 4005]",1,5,0.08149291302811647,256,128,128,adam,0.004389985183117319,0.005353780447885056,"{'model_type': 'pcnna', 'vocab_size': 9048, 'window': 11, 'dim': 48, 'pcnn_num_layers': 3}","{'dim': 386, 'update_pairs': False}",{'dim': 357},{'dim': 1024},"{'fingerprint_size': 2238, 'num_layers': 3, 'dim': 329}",-1.6913198547051909
weave,"[3682, 764, 2582]",1,5,0.025180052839395218,128,128,128,adam,0.022775293677201294,0.014903506934880765,"{'model_type': 'pcnna', 'vocab_size': 9048, 'window': 11, 'dim': 26, 'pcnn_num_layers': 1}","{'dim': 125, 'update_pairs': False}",{'dim': 83},{'dim': 1024},"{'fingerprint_size': 2238, 'num_layers': 2, 'dim': 363}",-1.7033719564504364
weave,"[3759, 3697]",1,5,0.952359619840331,256,128,128,rmsprop,0.00010567419562760779,0.00010392148258754476,"{'model_type': 'pcnna', 'vocab_size': 9048, 'window': 11, 'dim': 18, 'pcnn_num_layers': 1}","{'dim': 163, 'update_pairs': False}",{'dim': 460},{'dim': 1024},"{'fingerprint_size': 2238, 'num_layers': 4, 'dim': 339}",-1.762980827450117
weave,"[4351, 2238, 1187]",1,5,0.3483330154520039,256,128,128,adamax,0.0027729246890233436,0.012842883620411725,"{'model_type': 'pcnna', 'vocab_size': 9048, 'window': 11, 'dim': 31, 'pcnn_num_layers': 4}","{'dim': 79, 'update_pairs': False}",{'dim': 259},{'dim': 1024},"{'fingerprint_size': 2238, 'num_layers': 2, 'dim': 220}",-1.8067268264038783
weave,"[4925, 4298, 2205]",1,5,0.6378468710796483,256,128,128,adam,0.002835918513120325,0.16446106594739213,"{'model_type': 'pcnna', 'vocab_size': 9048, 'window': 11, 'dim': 45, 'pcnn_num_layers': 2}","{'dim': 326, 'update_pairs': False}",{'dim': 451},{'dim': 1024},"{'fingerprint_size': 2238, 'num_layers': 4, 'dim': 139}",-2.0194840171599595
weave,"[3759, 3697]",1,5,0.952359619840331,256,128,128,rmsprop,0.00010567419562760779,0.00010392148258754476,"{'model_type': 'pcnna', 'vocab_size': 9048, 'window': 11, 'dim': 18, 'pcnn_num_layers': 1}","{'dim': 163, 'update_pairs': False}",{'dim': 460},{'dim': 1024},"{'fingerprint_size': 2238, 'num_layers': 4, 'dim': 339}",-2.0783867347371667
weave,"[367, 4005]",1,5,0.08149291302811647,256,128,128,adam,0.004389985183117319,0.005353780447885056,"{'model_type': 'pcnna', 'vocab_size': 9048, 'window': 11, 'dim': 48, 'pcnn_num_layers': 3}","{'dim': 386, 'update_pairs': False}",{'dim': 357},{'dim': 1024},"{'fingerprint_size': 2238, 'num_layers': 3, 'dim': 329}",-2.138390735884397
weave,"[4315, 3662, 2028]",1,5,0.12229506387602636,128,128,128,rmsprop,0.0002124287268937303,0.00046133185199926535,"{'model_type': 'pcnna', 'vocab_size': 9048, 'window': 11, 'dim': 28, 'pcnn_num_layers': 1}","{'dim': 327, 'update_pairs': False}",{'dim': 434},{'dim': 1024},"{'fingerprint_size': 2238, 'num_layers': 1, 'dim': 261}",-2.1877015391090433
weave,"[4272, 3541, 2573]",1,5,0.01148978178374761,256,128,128,adadelta,0.0002055368996676103,0.3260225088092242,"{'model_type': 'pcnna', 'vocab_size': 9048, 'window': 11, 'dim': 38, 'pcnn_num_layers': 3}","{'dim': 70, 'update_pairs': False}",{'dim': 409},{'dim': 1024},"{'fingerprint_size': 2238, 'num_layers': 4, 'dim': 303}",-2.2512232810825346
weave,"[4925, 4298, 2205]",1,5,0.6378468710796483,256,128,128,adam,0.002835918513120325,0.16446106594739213,"{'model_type': 'pcnna', 'vocab_size': 9048, 'window': 11, 'dim': 45, 'pcnn_num_layers': 2}","{'dim': 326, 'update_pairs': False}",{'dim': 451},{'dim': 1024},"{'fingerprint_size': 2238, 'num_layers': 4, 'dim': 139}",-2.391684615857548
weave,"[2874, 4348, 1798]",1,5,0.5339945774148945,256,128,128,rmsprop,0.21284105041076948,0.012318667580214788,"{'model_type': 'pcnna', 'vocab_size': 9048, 'window': 11, 'dim': 48, 'pcnn_num_layers': 3}","{'dim': 121, 'update_pairs': False}",{'dim': 497},{'dim': 1024},"{'fingerprint_size': 2238, 'num_layers': 4, 'dim': 494}",-2.500841373065294
weave,"[2644, 2560, 4524]",1,5,0.3782250721267335,128,128,128,adamax,0.20781369068860098,0.18067532298089858,"{'model_type': 'pcnna', 'vocab_size': 9048, 'window': 11, 'dim': 20, 'pcnn_num_layers': 3}","{'dim': 253, 'update_pairs': False}",{'dim': 418},{'dim': 1024},"{'fingerprint_size': 2238, 'num_layers': 1, 'dim': 120}",-2.703076132675297
weave,"[4725, 535, 508]",1,5,0.04226362428023188,256,128,128,adagrad,0.0008044545225985021,0.1781204654060625,"{'model_type': 'pcnna', 'vocab_size': 9048, 'window': 11, 'dim': 16, 'pcnn_num_layers': 3}","{'dim': 372, 'update_pairs': False}",{'dim': 225},{'dim': 1024},"{'fingerprint_size': 2238, 'num_layers': 1, 'dim': 474}",-2.800557458826217
weave,"[3759, 3697]",1,5,0.952359619840331,256,128,128,rmsprop,0.00010567419562760779,0.00010392148258754476,"{'model_type': 'pcnna', 'vocab_size': 9048, 'window': 11, 'dim': 18, 'pcnn_num_layers': 1}","{'dim': 163, 'update_pairs': False}",{'dim': 460},{'dim': 1024},"{'fingerprint_size': 2238, 'num_layers': 4, 'dim': 339}",-2.809250851162682
weave,"[2874, 4348, 1798]",1,5,0.5339945774148945,256,128,128,rmsprop,0.21284105041076948,0.012318667580214788,"{'model_type': 'pcnna', 'vocab_size': 9048, 'window': 11, 'dim': 48, 'pcnn_num_layers': 3}","{'dim': 121, 'update_pairs': False}",{'dim': 497},{'dim': 1024},"{'fingerprint_size': 2238, 'num_layers': 4, 'dim': 494}",-2.943518350374157
weave,"[3319, 1917, 4318, 1707]",1,5,0.6149288787463714,256,128,128,rmsprop,0.0002358125040248998,0.02868402201081858,"{'model_type': 'pcnna', 'vocab_size': 9048, 'window': 11, 'dim': 28, 'pcnn_num_layers': 3}","{'dim': 294, 'update_pairs': False}",{'dim': 354},{'dim': 1024},"{'fingerprint_size': 2238, 'num_layers': 1, 'dim': 264}",-3.3977810028221773
weave,"[2644, 2560, 4524]",1,5,0.3782250721267335,128,128,128,adamax,0.20781369068860098,0.18067532298089858,"{'model_type': 'pcnna', 'vocab_size': 9048, 'window': 11, 'dim': 20, 'pcnn_num_layers': 3}","{'dim': 253, 'update_pairs': False}",{'dim': 418},{'dim': 1024},"{'fingerprint_size': 2238, 'num_layers': 1, 'dim': 120}",-3.507439665271314
weave,"[477, 2063, 1941]",1,5,0.27844968056245367,128,128,128,rmsprop,0.011142100445042697,0.024596993398708692,"{'model_type': 'pcnna', 'vocab_size': 9048, 'window': 11, 'dim': 50, 'pcnn_num_layers': 3}","{'dim': 442, 'update_pairs': False}",{'dim': 497},{'dim': 1024},"{'fingerprint_size': 2238, 'num_layers': 2, 'dim': 429}",-4.096877932317307
weave,"[1331, 3452, 4201]",1,5,0.684119551388425,256,128,128,adagrad,0.000692908816133746,0.059305664613833305,"{'model_type': 'pcnna', 'vocab_size': 9048, 'window': 11, 'dim': 45, 'pcnn_num_layers': 3}","{'dim': 69, 'update_pairs': False}",{'dim': 107},{'dim': 1024},"{'fingerprint_size': 2238, 'num_layers': 2, 'dim': 81}",-4.647330370596574
weave,"[4351, 2238, 1187]",1,5,0.3483330154520039,256,128,128,adamax,0.0027729246890233436,0.012842883620411725,"{'model_type': 'pcnna', 'vocab_size': 9048, 'window': 11, 'dim': 31, 'pcnn_num_layers': 4}","{'dim': 79, 'update_pairs': False}",{'dim': 259},{'dim': 1024},"{'fingerprint_size': 2238, 'num_layers': 2, 'dim': 220}",-5.199787684032168
weave,"[3339, 1697, 4202]",1,5,0.6270977431385186,128,128,128,adamax,0.00052275422698798,0.3969400567840394,"{'model_type': 'pcnna', 'vocab_size': 9048, 'window': 11, 'dim': 8, 'pcnn_num_layers': 2}","{'dim': 77, 'update_pairs': False}",{'dim': 265},{'dim': 1024},"{'fingerprint_size': 2238, 'num_layers': 1, 'dim': 125}",-5.489264585851642
weave,"[3339, 1697, 4202]",1,5,0.6270977431385186,128,128,128,adamax,0.00052275422698798,0.3969400567840394,"{'model_type': 'pcnna', 'vocab_size': 9048, 'window': 11, 'dim': 8, 'pcnn_num_layers': 2}","{'dim': 77, 'update_pairs': False}",{'dim': 265},{'dim': 1024},"{'fingerprint_size': 2238, 'num_layers': 1, 'dim': 125}",-6.281655766297818
weave,"[3319, 1917, 4318, 1707]",1,5,0.6149288787463714,256,128,128,rmsprop,0.0002358125040248998,0.02868402201081858,"{'model_type': 'pcnna', 'vocab_size': 9048, 'window': 11, 'dim': 28, 'pcnn_num_layers': 3}","{'dim': 294, 'update_pairs': False}",{'dim': 354},{'dim': 1024},"{'fingerprint_size': 2238, 'num_layers': 1, 'dim': 264}",-6.315542066076291
weave,"[3682, 764, 2582]",1,5,0.025180052839395218,128,128,128,adam,0.022775293677201294,0.014903506934880765,"{'model_type': 'pcnna', 'vocab_size': 9048, 'window': 11, 'dim': 26, 'pcnn_num_layers': 1}","{'dim': 125, 'update_pairs': False}",{'dim': 83},{'dim': 1024},"{'fingerprint_size': 2238, 'num_layers': 2, 'dim': 363}",-7.093246516880099
weave,"[3339, 1697, 4202]",1,5,0.6270977431385186,128,128,128,adamax,0.00052275422698798,0.3969400567840394,"{'model_type': 'pcnna', 'vocab_size': 9048, 'window': 11, 'dim': 8, 'pcnn_num_layers': 2}","{'dim': 77, 'update_pairs': False}",{'dim': 265},{'dim': 1024},"{'fingerprint_size': 2238, 'num_layers': 1, 'dim': 125}",-7.144464683902573
weave,"[3759, 3697]",1,5,0.952359619840331,256,128,128,rmsprop,0.00010567419562760779,0.00010392148258754476,"{'model_type': 'pcnna', 'vocab_size': 9048, 'window': 11, 'dim': 18, 'pcnn_num_layers': 1}","{'dim': 163, 'update_pairs': False}",{'dim': 460},{'dim': 1024},"{'fingerprint_size': 2238, 'num_layers': 4, 'dim': 339}",-7.462741201913337
weave,"[2412, 1800, 3956]",1,5,0.04832736005785588,128,128,128,adagrad,0.00012570237653930527,0.015943924636865527,"{'model_type': 'pcnna', 'vocab_size': 9048, 'window': 11, 'dim': 15, 'pcnn_num_layers': 2}","{'dim': 378, 'update_pairs': False}",{'dim': 123},{'dim': 1024},"{'fingerprint_size': 2238, 'num_layers': 3, 'dim': 166}",-8.268099108312192
weave,"[2412, 1800, 3956]",1,5,0.04832736005785588,128,128,128,adagrad,0.00012570237653930527,0.015943924636865527,"{'model_type': 'pcnna', 'vocab_size': 9048, 'window': 11, 'dim': 15, 'pcnn_num_layers': 2}","{'dim': 378, 'update_pairs': False}",{'dim': 123},{'dim': 1024},"{'fingerprint_size': 2238, 'num_layers': 3, 'dim': 166}",-8.700662300762227
weave,"[2874, 4348, 1798]",1,5,0.5339945774148945,256,128,128,rmsprop,0.21284105041076948,0.012318667580214788,"{'model_type': 'pcnna', 'vocab_size': 9048, 'window': 11, 'dim': 48, 'pcnn_num_layers': 3}","{'dim': 121, 'update_pairs': False}",{'dim': 497},{'dim': 1024},"{'fingerprint_size': 2238, 'num_layers': 4, 'dim': 494}",-9.156271910061879
weave,"[1276, 1772, 2467]",1,5,0.019184723699153205,128,128,128,rmsprop,0.029191595096939155,0.000401253372350453,"{'model_type': 'pcnna', 'vocab_size': 9048, 'window': 11, 'dim': 32, 'pcnn_num_layers': 3}","{'dim': 440, 'update_pairs': False}",{'dim': 248},{'dim': 1024},"{'fingerprint_size': 2238, 'num_layers': 3, 'dim': 106}",-10.218791115713348
weave,"[4100, 4415, 4564, 4346]",1,5,0.8934368837698743,256,128,128,adam,0.026454293475287917,0.03502920398315848,"{'model_type': 'pcnna', 'vocab_size': 9048, 'window': 11, 'dim': 27, 'pcnn_num_layers': 1}","{'dim': 420, 'update_pairs': False}",{'dim': 426},{'dim': 1024},"{'fingerprint_size': 2238, 'num_layers': 2, 'dim': 198}",-11.053009355475522
weave,[1307],1,5,0.029577304900113118,128,128,128,rmsprop,0.015278027320539058,0.19544826288575687,"{'model_type': 'pcnna', 'vocab_size': 9048, 'window': 11, 'dim': 10, 'pcnn_num_layers': 2}","{'dim': 330, 'update_pairs': False}",{'dim': 169},{'dim': 1024},"{'fingerprint_size': 2238, 'num_layers': 2, 'dim': 280}",-15.423006947671425
weave,"[367, 4005]",1,5,0.08149291302811647,256,128,128,adam,0.004389985183117319,0.005353780447885056,"{'model_type': 'pcnna', 'vocab_size': 9048, 'window': 11, 'dim': 48, 'pcnn_num_layers': 3}","{'dim': 386, 'update_pairs': False}",{'dim': 357},{'dim': 1024},"{'fingerprint_size': 2238, 'num_layers': 3, 'dim': 329}",-15.610177094272187
weave,"[4222, 1386, 4876, 571]",1,5,0.017050400936179523,256,128,128,rmsprop,0.0028088740337622146,0.04153464830033192,"{'model_type': 'pcnna', 'vocab_size': 9048, 'window': 11, 'dim': 6, 'pcnn_num_layers': 2}","{'dim': 446, 'update_pairs': False}",{'dim': 235},{'dim': 1024},"{'fingerprint_size': 2238, 'num_layers': 4, 'dim': 106}",-16.139057873679693
weave,"[1133, 4287, 3342]",1,5,0.01342310111721412,128,128,128,adamax,0.008566195437770466,0.021555113557438627,"{'model_type': 'pcnna', 'vocab_size': 9048, 'window': 11, 'dim': 8, 'pcnn_num_layers': 3}","{'dim': 160, 'update_pairs': False}",{'dim': 94},{'dim': 1024},"{'fingerprint_size': 2238, 'num_layers': 1, 'dim': 490}",-17.311096480304368
weave,"[4382, 3756, 1703]",1,5,0.024723237317440368,256,128,128,adam,0.000588902191549713,0.5945994322675363,"{'model_type': 'pcnna', 'vocab_size': 9048, 'window': 11, 'dim': 37, 'pcnn_num_layers': 1}","{'dim': 374, 'update_pairs': False}",{'dim': 218},{'dim': 1024},"{'fingerprint_size': 2238, 'num_layers': 3, 'dim': 386}",-21.69813396166182
weave,"[2412, 1800, 3956]",1,5,0.04832736005785588,128,128,128,adagrad,0.00012570237653930527,0.015943924636865527,"{'model_type': 'pcnna', 'vocab_size': 9048, 'window': 11, 'dim': 15, 'pcnn_num_layers': 2}","{'dim': 378, 'update_pairs': False}",{'dim': 123},{'dim': 1024},"{'fingerprint_size': 2238, 'num_layers': 3, 'dim': 166}",-23.349217168952435
weave,"[3682, 764, 2582]",1,5,0.025180052839395218,128,128,128,adam,0.022775293677201294,0.014903506934880765,"{'model_type': 'pcnna', 'vocab_size': 9048, 'window': 11, 'dim': 26, 'pcnn_num_layers': 1}","{'dim': 125, 'update_pairs': False}",{'dim': 83},{'dim': 1024},"{'fingerprint_size': 2238, 'num_layers': 2, 'dim': 363}",-23.511825417540177
weave,"[2412, 1800, 3956]",1,5,0.04832736005785588,128,128,128,adagrad,0.00012570237653930527,0.015943924636865527,"{'model_type': 'pcnna', 'vocab_size': 9048, 'window': 11, 'dim': 15, 'pcnn_num_layers': 2}","{'dim': 378, 'update_pairs': False}",{'dim': 123},{'dim': 1024},"{'fingerprint_size': 2238, 'num_layers': 3, 'dim': 166}",-27.43571926744513
weave,"[2410, 1205, 1296]",1,5,0.08761072943494443,256,128,128,rmsprop,0.0009953143342307643,0.009472321861241024,"{'model_type': 'pcnna', 'vocab_size': 9048, 'window': 11, 'dim': 9, 'pcnn_num_layers': 2}","{'dim': 501, 'update_pairs': False}",{'dim': 167},{'dim': 1024},"{'fingerprint_size': 2238, 'num_layers': 3, 'dim': 167}",-31.600928979333553
weave,"[4222, 1386, 4876, 571]",1,5,0.017050400936179523,256,128,128,rmsprop,0.0028088740337622146,0.04153464830033192,"{'model_type': 'pcnna', 'vocab_size': 9048, 'window': 11, 'dim': 6, 'pcnn_num_layers': 2}","{'dim': 446, 'update_pairs': False}",{'dim': 235},{'dim': 1024},"{'fingerprint_size': 2238, 'num_layers': 4, 'dim': 106}",-65.58485051814964
weave,"[4382, 3756, 1703]",1,5,0.024723237317440368,256,128,128,adam,0.000588902191549713,0.5945994322675363,"{'model_type': 'pcnna', 'vocab_size': 9048, 'window': 11, 'dim': 37, 'pcnn_num_layers': 1}","{'dim': 374, 'update_pairs': False}",{'dim': 218},{'dim': 1024},"{'fingerprint_size': 2238, 'num_layers': 3, 'dim': 386}",-68.34245746830501
weave,"[3718, 3101]",1,5,0.07270673824913047,256,128,128,adamax,0.048583471529409665,0.02986760313727288,"{'model_type': 'pcnna', 'vocab_size': 9048, 'window': 11, 'dim': 32, 'pcnn_num_layers': 2}","{'dim': 148, 'update_pairs': False}",{'dim': 299},{'dim': 1024},"{'fingerprint_size': 2238, 'num_layers': 1, 'dim': 392}",-68.48543501905787
weave,"[4100, 4415, 4564, 4346]",1,5,0.8934368837698743,256,128,128,adam,0.026454293475287917,0.03502920398315848,"{'model_type': 'pcnna', 'vocab_size': 9048, 'window': 11, 'dim': 27, 'pcnn_num_layers': 1}","{'dim': 420, 'update_pairs': False}",{'dim': 426},{'dim': 1024},"{'fingerprint_size': 2238, 'num_layers': 2, 'dim': 198}",-81.21645375382215
weave,"[4100, 4415, 4564, 4346]",1,5,0.8934368837698743,256,128,128,adam,0.026454293475287917,0.03502920398315848,"{'model_type': 'pcnna', 'vocab_size': 9048, 'window': 11, 'dim': 27, 'pcnn_num_layers': 1}","{'dim': 420, 'update_pairs': False}",{'dim': 426},{'dim': 1024},"{'fingerprint_size': 2238, 'num_layers': 2, 'dim': 198}",-97.65434579673584
weave,"[3339, 1697, 4202]",1,5,0.6270977431385186,128,128,128,adamax,0.00052275422698798,0.3969400567840394,"{'model_type': 'pcnna', 'vocab_size': 9048, 'window': 11, 'dim': 8, 'pcnn_num_layers': 2}","{'dim': 77, 'update_pairs': False}",{'dim': 265},{'dim': 1024},"{'fingerprint_size': 2238, 'num_layers': 1, 'dim': 125}",-101.56576158151537
weave,[4115],1,5,0.054417273104668644,128,128,128,rmsprop,0.0878912613832881,0.19473399097024288,"{'model_type': 'pcnna', 'vocab_size': 9048, 'window': 11, 'dim': 21, 'pcnn_num_layers': 1}","{'dim': 181, 'update_pairs': False}",{'dim': 384},{'dim': 1024},"{'fingerprint_size': 2238, 'num_layers': 2, 'dim': 148}",-141.88432345043697
weave,[4115],1,5,0.054417273104668644,128,128,128,rmsprop,0.0878912613832881,0.19473399097024288,"{'model_type': 'pcnna', 'vocab_size': 9048, 'window': 11, 'dim': 21, 'pcnn_num_layers': 1}","{'dim': 181, 'update_pairs': False}",{'dim': 384},{'dim': 1024},"{'fingerprint_size': 2238, 'num_layers': 2, 'dim': 148}",-177.59035808394995
weave,[4115],1,5,0.054417273104668644,128,128,128,rmsprop,0.0878912613832881,0.19473399097024288,"{'model_type': 'pcnna', 'vocab_size': 9048, 'window': 11, 'dim': 21, 'pcnn_num_layers': 1}","{'dim': 181, 'update_pairs': False}",{'dim': 384},{'dim': 1024},"{'fingerprint_size': 2238, 'num_layers': 2, 'dim': 148}",-177.98688459851627
weave,"[1133, 4287, 3342]",1,5,0.01342310111721412,128,128,128,adamax,0.008566195437770466,0.021555113557438627,"{'model_type': 'pcnna', 'vocab_size': 9048, 'window': 11, 'dim': 8, 'pcnn_num_layers': 3}","{'dim': 160, 'update_pairs': False}",{'dim': 94},{'dim': 1024},"{'fingerprint_size': 2238, 'num_layers': 1, 'dim': 490}",-210.66897973776656
weave,"[2412, 1800, 3956]",1,5,0.04832736005785588,128,128,128,adagrad,0.00012570237653930527,0.015943924636865527,"{'model_type': 'pcnna', 'vocab_size': 9048, 'window': 11, 'dim': 15, 'pcnn_num_layers': 2}","{'dim': 378, 'update_pairs': False}",{'dim': 123},{'dim': 1024},"{'fingerprint_size': 2238, 'num_layers': 3, 'dim': 166}",-218.56373403965685
weave,"[4100, 4415, 4564, 4346]",1,5,0.8934368837698743,256,128,128,adam,0.026454293475287917,0.03502920398315848,"{'model_type': 'pcnna', 'vocab_size': 9048, 'window': 11, 'dim': 27, 'pcnn_num_layers': 1}","{'dim': 420, 'update_pairs': False}",{'dim': 426},{'dim': 1024},"{'fingerprint_size': 2238, 'num_layers': 2, 'dim': 198}",-291.6232257106474
weave,"[4222, 1386, 4876, 571]",1,5,0.017050400936179523,256,128,128,rmsprop,0.0028088740337622146,0.04153464830033192,"{'model_type': 'pcnna', 'vocab_size': 9048, 'window': 11, 'dim': 6, 'pcnn_num_layers': 2}","{'dim': 446, 'update_pairs': False}",{'dim': 235},{'dim': 1024},"{'fingerprint_size': 2238, 'num_layers': 4, 'dim': 106}",-308.0190933409456
weave,"[3718, 3101]",1,5,0.07270673824913047,256,128,128,adamax,0.048583471529409665,0.02986760313727288,"{'model_type': 'pcnna', 'vocab_size': 9048, 'window': 11, 'dim': 32, 'pcnn_num_layers': 2}","{'dim': 148, 'update_pairs': False}",{'dim': 299},{'dim': 1024},"{'fingerprint_size': 2238, 'num_layers': 1, 'dim': 392}",-333.16533452890474
weave,"[4927, 4179, 1978]",1,5,0.03219016432030765,256,128,128,rmsprop,0.005602622038707501,0.28062415767171384,"{'model_type': 'pcnna', 'vocab_size': 9048, 'window': 11, 'dim': 50, 'pcnn_num_layers': 2}","{'dim': 229, 'update_pairs': False}",{'dim': 498},{'dim': 1024},"{'fingerprint_size': 2238, 'num_layers': 1, 'dim': 139}",-448.1480500359996
weave,"[4382, 3756, 1703]",1,5,0.024723237317440368,256,128,128,adam,0.000588902191549713,0.5945994322675363,"{'model_type': 'pcnna', 'vocab_size': 9048, 'window': 11, 'dim': 37, 'pcnn_num_layers': 1}","{'dim': 374, 'update_pairs': False}",{'dim': 218},{'dim': 1024},"{'fingerprint_size': 2238, 'num_layers': 3, 'dim': 386}",-584.1018715299429
weave,"[4222, 1386, 4876, 571]",1,5,0.017050400936179523,256,128,128,rmsprop,0.0028088740337622146,0.04153464830033192,"{'model_type': 'pcnna', 'vocab_size': 9048, 'window': 11, 'dim': 6, 'pcnn_num_layers': 2}","{'dim': 446, 'update_pairs': False}",{'dim': 235},{'dim': 1024},"{'fingerprint_size': 2238, 'num_layers': 4, 'dim': 106}",-742.4626533206695
weave,"[4382, 3756, 1703]",1,5,0.024723237317440368,256,128,128,adam,0.000588902191549713,0.5945994322675363,"{'model_type': 'pcnna', 'vocab_size': 9048, 'window': 11, 'dim': 37, 'pcnn_num_layers': 1}","{'dim': 374, 'update_pairs': False}",{'dim': 218},{'dim': 1024},"{'fingerprint_size': 2238, 'num_layers': 3, 'dim': 386}",-996.6610058123863
weave,"[4382, 3756, 1703]",1,5,0.024723237317440368,256,128,128,adam,0.000588902191549713,0.5945994322675363,"{'model_type': 'pcnna', 'vocab_size': 9048, 'window': 11, 'dim': 37, 'pcnn_num_layers': 1}","{'dim': 374, 'update_pairs': False}",{'dim': 218},{'dim': 1024},"{'fingerprint_size': 2238, 'num_layers': 3, 'dim': 386}",-1112.2886337589098
weave,"[3862, 1145]",1,5,0.11252828854895935,256,128,128,sgd,0.00012457527923959803,0.008215125308050315,"{'model_type': 'pcnna', 'vocab_size': 9048, 'window': 11, 'dim': 7, 'pcnn_num_layers': 3}","{'dim': 503, 'update_pairs': False}",{'dim': 172},{'dim': 1024},"{'fingerprint_size': 2238, 'num_layers': 2, 'dim': 414}",-1120.8852870032686
weave,"[4222, 1386, 4876, 571]",1,5,0.017050400936179523,256,128,128,rmsprop,0.0028088740337622146,0.04153464830033192,"{'model_type': 'pcnna', 'vocab_size': 9048, 'window': 11, 'dim': 6, 'pcnn_num_layers': 2}","{'dim': 446, 'update_pairs': False}",{'dim': 235},{'dim': 1024},"{'fingerprint_size': 2238, 'num_layers': 4, 'dim': 106}",-1477.3450593841903
weave,[4115],1,5,0.054417273104668644,128,128,128,rmsprop,0.0878912613832881,0.19473399097024288,"{'model_type': 'pcnna', 'vocab_size': 9048, 'window': 11, 'dim': 21, 'pcnn_num_layers': 1}","{'dim': 181, 'update_pairs': False}",{'dim': 384},{'dim': 1024},"{'fingerprint_size': 2238, 'num_layers': 2, 'dim': 148}",-1953.74194944145
weave,"[2644, 2560, 4524]",1,5,0.3782250721267335,128,128,128,adamax,0.20781369068860098,0.18067532298089858,"{'model_type': 'pcnna', 'vocab_size': 9048, 'window': 11, 'dim': 20, 'pcnn_num_layers': 3}","{'dim': 253, 'update_pairs': False}",{'dim': 418},{'dim': 1024},"{'fingerprint_size': 2238, 'num_layers': 1, 'dim': 120}",-13429.981501853792
weave,"[1643, 4041, 4569]",1,5,0.32422965072147575,256,128,128,adam,0.2786803979851737,0.22952903627344512,"{'model_type': 'pcnna', 'vocab_size': 9048, 'window': 11, 'dim': 5, 'pcnn_num_layers': 3}","{'dim': 456, 'update_pairs': False}",{'dim': 124},{'dim': 1024},"{'fingerprint_size': 2238, 'num_layers': 3, 'dim': 471}",-32663.940598967736
weave,"[1997, 4570, 4822, 3898]",1,5,0.05581694070215146,256,128,128,sgd,0.0014308995773151228,0.009168684016501654,"{'model_type': 'pcnna', 'vocab_size': 9048, 'window': 11, 'dim': 40, 'pcnn_num_layers': 3}","{'dim': 311, 'update_pairs': False}",{'dim': 72},{'dim': 1024},"{'fingerprint_size': 2238, 'num_layers': 4, 'dim': 405}",-132486.11091625175
weave,"[3862, 1145]",1,5,0.11252828854895935,256,128,128,sgd,0.00012457527923959803,0.008215125308050315,"{'model_type': 'pcnna', 'vocab_size': 9048, 'window': 11, 'dim': 7, 'pcnn_num_layers': 3}","{'dim': 503, 'update_pairs': False}",{'dim': 172},{'dim': 1024},"{'fingerprint_size': 2238, 'num_layers': 2, 'dim': 414}",-17788189.038654357
